theta_deg,linear_travel_mm
0,0
0.240160106737825,1.0963402724747
0.48032021347565,1.5430806433639
0.720480320213476,1.88300909082511
0.960640426951301,2.17635110643578
1.20080053368913,2.42378938747574
1.44096064042695,2.65488547676551
1.68112074716478,2.8555400565172
1.9212808539026,3.0546284463347
2.16144096064043,3.2239462821666
2.40160106737825,3.39196497889203
2.64176117411608,3.55861683077385
2.8819212808539,3.71012292788783
3.12208138759173,3.84676693680711
3.36224149432955,3.98233446638941
3.60240160106738,4.11678757941454
3.8425617078052,4.25008865052062
4.08272181454303,4.36904378093712
4.32288192128085,4.48700857399289
4.56304202801868,4.6039562904407
4.8032021347565,4.70703453880821
5.04336224149433,4.82198897542916
5.28352234823215,4.92325391531762
5.52368245496998,5.02363710477964
5.76384256170781,5.12312056527466
6.00400266844563,5.20941652342734
6.24416277518346,5.30716509775738
6.48432288192128,5.39191598043469
6.72448298865911,5.48786812397709
6.96464309539693,5.57102057018495
7.20480320213476,5.65340909999809
7.44496330887258,5.73502241603429
7.68512341561041,5.81584932721118
7.92528352234823,5.89587875028074
8.16544362908606,5.96383234179831
8.40560373582388,6.04235168510606
8.64576384256171,6.10899492872347
8.88592394929953,6.18596705874265
9.12608405603736,6.25126843740224
9.36624416277518,6.32665695231732
9.60640426951301,6.39058558355892
9.84656437625083,6.45387040221619
10.0867244829887,6.51650503272901
10.3268845897265,6.57848316503973
10.5670446964643,6.63979855522892
10.8072048032021,6.703339685677
11.04736490994,6.76361630234578
11.2875250166778,6.82389291901456
11.5276851234156,6.88416953568334
11.7678452301534,6.94444615235213
12.0080053368913,7.00472276902091
12.2481654436291,7.0649993856897
12.4883255503669,7.12527600235848
12.7284856571047,7.18555261902726
12.9686457638426,7.24582923569604
13.2088058705804,7.30610585236482
13.4489659773182,7.36638246903361
13.689126084056,7.42665908570239
13.9292861907939,7.48693570237118
14.1694462975317,7.54721231903996
14.4096064042695,7.60748893570874
14.6497665110073,7.66776555237752
14.8899266177452,7.72804216904631
15.130086724483,7.78831878571509
15.3702468312208,7.84859540238387
15.6104069379586,7.90887201905265
15.8505670446965,7.96914863572143
16.0907271514343,8.02942525239022
16.3308872581721,8.089701869059
16.5710473649099,8.14997848572778
16.8112074716478,8.21025510239656
17.0513675783856,8.27053171906535
17.2915276851234,8.33080833573413
17.5316877918612,8.39108495240291
17.7718478985991,8.4513615690717
18.0120080053369,8.51163818574048
18.2521681120747,8.57191480240926
18.4923282188125,8.63219141907804
18.7324883255504,8.69246803574683
18.9726484322882,8.75274465241561
19.212808539026,8.8130212690844
19.4529686457638,8.87329788575318
19.6931287525017,8.93357450242196
19.9332888592395,8.99385111909074
20.1734489659773,9.05412773575952
20.4136090727151,9.11440435242831
20.653769179453,9.17468096909709
20.8939292861908,9.23495758576587
21.1340893929286,9.29523420243465
21.3742494996664,9.35551081910344
21.6144096064043,9.41578743577222
21.8545697131421,9.476064052441
22.0947298198799,9.53634066910979
22.3348899266177,9.59661728577857
22.5750500333556,9.65689390244735
22.8152101400934,9.71717051911613
23.0553702468312,9.77744713578492
23.295530353569,9.8377237524537
23.5356904603069,9.89800036912248
23.7758505670447,9.95827698579126
24.0160106737825,10.0185536024601
24.2561707805203,10.0788302191288
24.4963308872582,10.1391068357976
24.736490993996,10.1993834524664
24.9766511007338,10.2596600691352
25.2168112074716,10.319936685804
25.4569713142095,10.3802133024727
25.6971314209473,10.4404899191415
25.9372915276851,10.5007665358103
26.1774516344229,10.5610431524791
26.4176117411608,10.6213197691479
26.6577718478986,10.6815963858167
26.8979319546364,10.7418730024854
27.1380920613742,10.8021496191542
27.3782521681121,10.862426235823
27.6184122748499,10.9227028524918
27.8585723815877,10.9829794691606
28.0987324883255,11.0432560858294
28.3388925950634,11.1035327024981
28.5790527018012,11.1638093191669
28.819212808539,11.2240859358357
29.0593729152768,11.2843625525045
29.2995330220147,11.3446391691733
29.5396931287525,11.4049157858421
29.7798532354903,11.4651924025108
30.0200133422282,11.5254690191796
30.260173448966,11.5857456358484
30.5003335557038,11.6460222525172
30.7404936624416,11.706298869186
30.9806537691795,11.7665754858547
31.2208138759173,11.8268521025235
31.4609739826551,11.8871287191923
31.7011340893929,11.9474053358611
31.9412941961308,12.0076819525299
32.1814543028686,12.0679585691987
32.4216144096064,12.1282351858674
32.6617745163442,12.1885118025362
32.9019346230821,12.248788419205
33.1420947298199,12.3090650358738
33.3822548365577,12.3693416525426
33.6224149432955,12.4296182692114
33.8625750500334,12.4898948858801
34.1027351567712,12.5501715025489
34.342895263509,12.6104481192177
34.5830553702468,12.6707247358865
34.8232154769847,12.7310013525553
35.0633755837225,12.7912779692241
35.3035356904603,12.8515545858928
35.5436957971981,12.9118312025616
35.783855903936,12.9721078192304
36.0240160106738,13.0323844358992
36.2641761174116,13.092661052568
36.5043362241494,13.1529376692367
36.7444963308873,13.2132142859055
36.9846564376251,13.2734909025743
37.2248165443629,13.3337675192431
37.4649766511007,13.3940441359119
37.7051367578386,13.4543207525807
37.9452968645764,13.5145973692494
38.1854569713142,13.5748739859182
38.425617078052,13.635150602587
38.6657771847899,13.6954272192558
38.9059372915277,13.7557038359246
39.1460973982655,13.8159804525934
39.3862575050033,13.8762570692621
39.6264176117412,13.9365336859309
39.866577718479,13.9968103025997
40.1067378252168,14.0570869192685
40.3468979319546,14.1173635359373
40.5870580386925,14.1776401526061
40.8272181454303,14.2379167692748
41.0673782521681,14.2981933859436
41.3075383589059,14.3584700026124
41.5476984656438,14.4187466192812
41.7878585723816,14.47902323595
42.0280186791194,14.5392998526188
42.2681787858572,14.5995764692875
42.5083388925951,14.6598530859563
42.7484989993329,14.7201297026251
42.9886591060707,14.7804063192939
43.2288192128085,14.8406829359627
43.4689793195464,14.9009595526315
43.7091394262842,14.9612361693002
43.949299533022,15.021512785969
44.1894596397598,15.0817894026378
44.4296197464977,15.1420660193066
44.6697798532355,15.2023426359754
44.9099399599733,15.2626192526441
45.1501000667111,15.3228958693129
45.390260173449,15.3831724859817
45.6304202801868,15.4434491026505
45.8705803869246,15.5037257193193
46.1107404936624,15.5640023359881
46.3509006004003,15.6242789526568
46.5910607071381,15.6845555693256
46.8312208138759,15.7448321859944
47.0713809206137,15.8051088026632
47.3115410273516,15.865385419332
47.5517011340894,15.9256620360007
47.7918612408272,15.9859386526695
48.032021347565,16.0462152693383
48.2721814543029,16.1064918860071
48.5123415610407,16.1667685026759
48.7525016677785,16.2270451193447
48.9926617745163,16.2873217360135
49.2328218812542,16.3475983526822
49.472981987992,16.407874969351
49.7131420947298,16.4681515860198
49.9533022014676,16.5284282026886
50.1934623082055,16.5887048193574
50.4336224149433,16.6489814360261
50.6737825216811,16.7092580526949
50.9139426284189,16.7695346693637
51.1541027351568,16.8298112860325
51.3942628418946,16.8900879027013
51.6344229486324,16.9503645193701
51.8745830553702,17.0106411360388
52.1147431621081,17.0709177527076
52.3549032688459,17.1311943693764
52.5950633755837,17.1914709860452
52.8352234823215,17.251747602714
53.0753835890594,17.3120242193827
53.3155436957972,17.3723008360515
53.555703802535,17.4325774527203
53.7958639092728,17.4928540693891
54.0360240160107,17.5531306860579
54.2761841227485,17.6134073027267
54.5163442294863,17.6736839193955
54.7565043362241,17.7339605360642
54.996664442962,17.794237152733
55.2368245496998,17.8545137694018
55.4769846564376,17.9147903860706
55.7171447631754,17.9750670027394
55.9573048699133,18.0353436194082
56.1974649766511,18.0956202360769
56.4376250833889,18.1558968527457
56.6777851901267,18.2161734694145
56.9179452968646,18.2764500860833
57.1581054036024,18.3367267027521
57.3982655103402,18.3970033194208
57.638425617078,18.4572799360896
57.8785857238159,18.5175565527584
58.1187458305537,18.5778331694272
58.3589059372915,18.638109786096
58.5990660440293,18.6983864027648
58.8392261507672,18.7586630194335
59.079386257505,18.8189396361023
59.3195463642428,18.8792162527711
59.5597064709807,18.9394928694399
59.7998665777185,18.9997694861087
60.0400266844563,19.0600461027774
60.2801867911941,19.1203227194462
60.520346897932,19.180599336115
60.7605070046698,19.2408759527838
61.0006671114076,19.3011525694526
61.2408272181454,19.3614291861214
61.4809873248833,19.4217058027902
61.7211474316211,19.4819824194589
61.9613075383589,19.5422590361277
62.2014676450967,19.6025356527965
62.4416277518346,19.6628122694653
62.6817878585724,19.7230888861341
62.9219479653102,19.7833655028029
63.162108072048,19.8436421194716
63.4022681787859,19.9039187361404
63.6424282855237,19.9641953528092
63.8825883922615,20.024471969478
64.1227484989993,20.0847485861468
64.3629086057372,20.1450252028155
64.603068712475,20.2053018194843
64.8432288192128,20.2655784361531
65.0833889259506,20.3258550528219
65.3235490326885,20.3861316694907
65.5637091394263,20.4464082861595
65.8038692461641,20.5066849028282
66.0440293529019,20.566961519497
66.2841894596398,20.6272381361658
66.5243495663776,20.6875147528346
66.7645096731154,20.7477913695034
67.0046697798532,20.8080679861722
67.2448298865911,20.8683446028409
67.4849899933289,20.9286212195097
67.7251501000667,20.9888978361785
67.9653102068045,21.0491744528473
68.2054703135424,21.1094510695161
68.4456304202802,21.1697276861848
68.685790527018,21.2300043028536
68.9259506337558,21.2902809195224
69.1661107404937,21.3505575361912
69.4062708472315,21.41083415286
69.6464309539693,21.4711107695288
69.8865910607071,21.5313873861975
70.126751167445,21.5916640028663
70.3669112741828,21.6519406195351
70.6070713809206,21.7122172362039
70.8472314876584,21.7724938528727
71.0873915943963,21.8327704695415
71.3275517011341,21.8930470862102
71.5677118078719,21.953323702879
71.8078719146097,22.0136003195478
72.0480320213476,22.0738769362166
72.2881921280854,22.1341535528854
72.5283522348232,22.1944301695542
72.768512341561,22.2547067862229
73.0086724482989,22.3149834028917
73.2488325550367,22.3752600195605
73.4889926617745,22.4355366362293
73.7291527685123,22.4958132528981
73.9693128752502,22.5560898695669
74.209472981988,22.6163664862356
74.4496330887258,22.6766431029044
74.6897931954636,22.7369197195732
74.9299533022015,22.797196336242
75.1701134089393,22.8574729529108
75.4102735156771,22.9177495695795
75.6504336224149,22.9780261862483
75.8905937291528,23.0383028029171
76.1307538358906,23.0985794195859
76.3709139426284,23.1588560362547
76.6110740493662,23.2191326529235
76.8512341561041,23.2794092695922
77.0913942628419,23.339685886261
77.3315543695797,23.3999625029298
77.5717144763175,23.4602391195986
77.8118745830554,23.5205157362674
78.0520346897932,23.5807923529362
78.292194796531,23.6410689696049
78.5323549032688,23.7013455862737
78.7725150100067,23.7616222029425
79.0126751167445,23.8218988196113
79.2528352234823,23.8821754362801
79.4929953302201,23.9424520529489
79.733155436958,24.0027286696176
79.9733155436958,24.0630052862864
80.2134756504336,24.1232819029552
80.4536357571715,24.183558519624
80.6937958639093,24.2438351362928
80.9339559706471,24.3041117529616
81.1741160773849,24.3643883696303
81.4142761841228,24.4246649862991
81.6544362908606,24.4849416029679
81.8945963975984,24.5452182196367
82.1347565043362,24.6054948363055
82.3749166110741,24.6657714529742
82.6150767178119,24.726048069643
82.8552368245497,24.7863246863118
83.0953969312875,24.8466013029806
83.3355570380254,24.9068779196494
83.5757171447632,24.9671545363182
83.815877251501,25.0274311529869
84.0560373582388,25.0877077696557
84.2961974649767,25.1479843863245
84.5363575717145,25.2082610029933
84.7765176784523,25.2685376196621
85.0166777851901,25.3288142363309
85.256837891928,25.3890908529996
85.4969979986658,25.4493674696684
85.7371581054036,25.5096440863372
85.9773182121414,25.569920703006
86.2174783188793,25.6301973196748
86.4576384256171,25.6904739363436
86.6977985323549,25.7507505530123
86.9379586390927,25.8110271696811
87.1781187458306,25.8713037863499
87.4182788525684,25.9315804030187
87.6584389593062,25.9918570196875
87.898599066044,26.0521336363562
88.1387591727819,26.112410253025
88.3789192795197,26.1726868696938
88.6190793862575,26.2329634863626
88.8592394929953,26.2932401030314
89.0993995997332,26.3535167197002
89.339559706471,26.4137933363689
89.5797198132088,26.4740699530377
89.8198799199466,26.5343465697065
90.0600400266845,26.5946231863753
90.3002001334223,26.6548998030441
90.5403602401601,26.7151764197129
90.7805203468979,26.7754530363816
91.0206804536358,26.8357296530504
91.2608405603736,26.8960062697192
91.5010006671114,26.956282886388
91.7411607738492,27.0165595030568
91.9813208805871,27.0768361197255
92.2214809873249,27.1371127363943
92.4616410940627,27.1973893530631
92.7018012008005,27.2576659697319
92.9419613075384,27.3179425864007
93.1821214142762,27.3782192030695
93.422281521014,27.4384958197383
93.6624416277518,27.498772436407
93.9026017344897,27.5590490530758
94.1427618412275,27.6193256697446
94.3829219479653,27.6796022864134
94.6230820547031,27.7398789030822
94.863242161441,27.800155519751
95.1034022681788,27.8604321364197
95.3435623749166,27.9207087530885
95.5837224816544,27.9809853697573
95.8238825883923,28.0412619864261
96.0640426951301,28.1015386030949
96.3042028018679,28.1618152197636
96.5443629086057,28.2220918364324
96.7845230153436,28.2823684531012
97.0246831220814,28.34264506977
97.2648432288192,28.4029216864388
97.505003335557,28.4631983031076
97.7451634422949,28.5234749197763
97.9853235490327,28.5837515364451
98.2254836557705,28.6440281531139
98.4656437625083,28.7043047697827
98.7058038692462,28.7645813864515
98.945963975984,28.8248580031203
99.1861240827218,28.885134619789
99.4262841894596,28.9454112364578
99.6664442961975,29.0056878531266
99.9066044029353,29.0659644697954
100.146764509673,29.1262410864642
100.386924616411,29.1865177031329
100.627084723149,29.2467943198017
100.867244829887,29.3070709364705
101.107404936624,29.3673475531393
101.347565043362,29.4276241698081
101.5877251501,29.4879007864769
101.827885256838,29.5481774031456
102.068045363576,29.6084540198144
102.308205470314,29.6687306364832
102.548365577051,29.729007253152
102.788525683789,29.7892838698208
103.028685790527,29.8495604864896
103.268845897265,29.9098371031583
103.509006004003,29.9701137198271
103.74916611074,30.0303903364959
103.989326217478,30.0906669531647
104.229486324216,30.1509435698335
104.469646430954,30.2112201865023
104.709806537692,30.271496803171
104.94996664443,30.3317734198398
105.190126751167,30.3920500365086
105.430286857905,30.4523266531774
105.670446964643,30.5126032698462
105.910607071381,30.5728798865149
106.150767178119,30.6331565031837
106.390927284857,30.6934331198525
106.631087391594,30.7537097365213
106.871247498332,30.8139863531901
107.11140760507,30.8742629698589
107.351567711808,30.9345395865276
107.591727818546,31.4297942109559
107.831887925284,31.4297942109559
108.072048032021,31.4297942109559
108.312208138759,31.4297942109559
108.552368245497,31.4297942109559
108.792528352235,31.4297942109559
109.032688458973,31.4297942109559
109.27284856571,31.4297942109559
109.513008672448,31.4805658874663
109.753168779186,31.5421028813562
109.993328885924,31.6043005434489
110.233488992662,31.6671526077085
110.4736490994,31.7306527421724
110.713809206137,31.7947945495886
110.953969312875,31.8704290371442
111.194129419613,31.9359388827244
111.434289526351,32.0131514334245
111.674449633089,32.0799983361198
111.914609739827,32.1587524344488
112.154769846564,32.2383212158979
112.394929953302,32.318693769738
112.63509006004,32.3882159162646
112.875250166778,32.4700518685761
113.115410273516,32.5645233141564
113.355570380253,32.6479996687087
113.595730486991,32.7322236192149
113.835890593729,32.829380166509
114.076050700467,32.9151670892509
114.316210807205,33.0140791608812
114.556370913943,33.1139021164404
114.79653102068,33.2146180777251
115.036691127418,33.3162090065959
115.276851234156,33.4315220005601
115.517011340894,33.5349116320456
115.757171447632,33.65220133095
115.99733155437,33.7704992186975
116.237491661107,33.8897784805378
116.477651767845,34.0234290959032
116.717811874583,34.1582204989525
116.957971981321,34.2941149696566
117.198132088059,34.4448275343551
117.438292194797,34.5967777578713
117.678452301534,34.7638927141202
117.918612408272,34.9323520064899
118.15877251501,35.1162878743448
118.398932621748,35.3159481987241
118.639092728486,35.5171355035768
118.879252835223,35.7633282227736
119.119412941961,36.01141061314
119.359573048699,36.3201754204479
119.599733155437,36.6905844985145
119.839893262175,37.2131520685135
120.080053368913,0.63182150169702
120.32021347565,1.26052530378447
120.560373582388,1.66160140712928
120.800533689126,1.98593539779068
121.040693795864,2.26389357189109
121.280853902602,2.49620123981369
121.52101400934,2.72672071805924
121.761174116077,2.92682853466898
122.001334222815,3.11120787252406
122.241494329553,3.28010021772589
122.481654436291,3.44767079572285
122.721814543029,3.60005834202748
122.961974649767,3.75122689141936
123.202134756504,3.90112525750717
123.442294863242,4.03625155570584
123.68245496998,4.15690056876059
123.922615076718,4.28984873826839
124.162775183456,4.40847674124093
124.402935290193,4.52610546852759
124.643095396931,4.64270825705768
124.883255503669,4.74547252616442
125.123415610407,4.84738688533444
125.363575717145,4.94843308179605
125.603735823883,5.04859301826474
125.84389593062,5.14784875618439
126.084056037358,5.24618251894002
126.324216144096,5.33145440451254
126.564376250834,5.42801212757926
126.804536357572,5.51170325350329
127.04469646431,5.59463859681529
127.284856571047,5.67680678515221
127.525016677785,5.75819655134577
127.765176784523,5.83879673496749
128.005336891261,5.91859628385897
128.245496997999,5.98635035979371
128.485657104737,6.0646340691464
128.725817211474,6.14208617622171
128.965977318212,6.20780375541495
129.20613742495,6.27289593618004
129.446297531688,6.34803763456678
129.686457638426,6.41175237402618
129.926617745163,6.474821168476
130.166777851901,6.53723766411923
130.406937958639,6.598995572874
130.647098065377,6.66008867300705
130.887258172115,6.72343189123326
131.127418278853,6.78370850790204
131.36757838559,6.84398512457082
131.607738492328,6.90426174123961
131.847898599066,6.96453835790839
132.088058705804,7.02481497457717
132.328218812542,7.08509159124595
132.56837891928,7.14536820791474
132.808539026017,7.20564482458352
133.048699132755,7.2659214412523
133.288859239493,7.32619805792109
133.529019346231,7.38647467458986
133.769179452969,7.44675129125865
134.009339559706,7.50702790792743
134.249499666444,7.56730452459622
134.489659773182,7.627581141265
134.72981987992,7.68785775793379
134.969979986658,7.74813437460257
135.210140093396,7.80841099127135
135.450300200133,7.86868760794013
135.690460306871,7.92896422460892
135.930620413609,7.9892408412777
136.170780520347,8.04951745794648
136.410940627085,8.10979407461526
136.651100733823,8.17007069128404
136.89126084056,8.23034730795283
137.131420947298,8.29062392462161
137.371581054036,8.35090054129039
137.611741160774,8.41117715795917
137.851901267512,8.47145377462796
138.09206137425,8.53173039129674
138.332221480987,8.59200700796553
138.572381587725,8.65228362463431
138.812541694463,8.71256024130309
139.052701801201,8.77283685797187
139.292861907939,8.83311347464065
139.533022014676,8.89339009130944
139.773182121414,8.95366670797822
140.013342228152,9.01394332464701
140.25350233489,9.07421994131579
140.493662441628,9.13449655798456
140.733822548366,9.19477317465335
140.973982655103,9.25504979132213
141.214142761841,9.31532640799092
141.454302868579,9.3756030246597
141.694462975317,9.43587964132848
141.934623082055,9.49615625799726
142.174783188793,9.55643287466604
142.41494329553,9.61670949133483
142.655103402268,9.67698610800361
142.895263509006,9.73726272467239
143.135423615744,9.79753934134118
143.375583722482,9.85781595800996
143.615743829219,9.91809257467874
143.855903935957,9.97836919134752
144.096064042695,10.0386458080163
144.336224149433,10.0989224246851
144.576384256171,10.1591990413539
144.816544362909,10.2194756580227
145.056704469646,10.2797522746914
145.296864576384,10.3400288913602
145.537024683122,10.400305508029
145.77718478986,10.4605821246978
146.017344896598,10.5208587413666
146.257505003336,10.5811353580354
146.497665110073,10.6414119747041
146.737825216811,10.7016885913729
146.977985323549,10.7619652080417
147.218145430287,10.8222418247105
147.458305537025,10.8825184413793
147.698465643763,10.9427950580481
147.9386257505,11.0030716747168
148.178785857238,11.0633482913856
148.418945963976,11.1236249080544
148.659106070714,11.1839015247232
148.899266177452,11.244178141392
149.139426284189,11.3044547580607
149.379586390927,11.3647313747295
149.619746497665,11.4250079913983
149.859906604403,11.4852846080671
150.100066711141,11.5455612247359
150.340226817879,11.6058378414047
150.580386924616,11.6661144580734
150.820547031354,11.7263910747422
151.060707138092,11.786667691411
151.30086724483,11.8469443080798
151.541027351568,11.9072209247486
151.781187458306,11.9674975414174
152.021347565043,12.0277741580861
152.261507671781,12.0880507747549
152.501667778519,12.1483273914237
152.741827885257,12.2086040080925
152.981987991995,12.2688806247613
153.222148098732,12.3291572414301
153.46230820547,12.3894338580988
153.702468312208,12.4497104747676
153.942628418946,12.5099870914364
154.182788525684,12.5702637081052
154.422948632422,12.630540324774
154.663108739159,12.6908169414427
154.903268845897,12.7510935581115
155.143428952635,12.8113701747803
155.383589059373,12.8716467914491
155.623749166111,12.9319234081179
155.863909272849,12.9922000247867
156.104069379586,13.0524766414554
156.344229486324,13.1127532581242
156.584389593062,13.173029874793
156.8245496998,13.2333064914618
157.064709806538,13.2935831081306
157.304869913276,13.3538597247994
157.545030020013,13.4141363414681
157.785190126751,13.4744129581369
158.025350233489,13.5346895748057
158.265510340227,13.5949661914745
158.505670446965,13.6552428081433
158.745830553702,13.715519424812
158.98599066044,13.7757960414808
159.226150767178,13.8360726581496
159.466310873916,13.8963492748184
159.706470980654,13.9566258914872
159.946631087392,14.016902508156
160.186791194129,14.0771791248248
160.426951300867,14.1374557414935
160.667111407605,14.1977323581623
160.907271514343,14.2580089748311
161.147431621081,14.3182855914999
161.387591727819,14.3785622081687
161.627751834556,14.4388388248374
161.867911941294,14.4991154415062
162.108072048032,14.559392058175
162.34823215477,14.6196686748438
162.588392261508,14.6799452915126
162.828552368246,14.7402219081814
163.068712474983,14.8004985248501
163.308872581721,14.8607751415189
163.549032688459,14.9210517581877
163.789192795197,14.9813283748565
164.029352901935,15.0416049915253
164.269513008672,15.1018816081941
164.50967311541,15.1621582248628
164.749833222148,15.2224348415316
164.989993328886,15.2827114582004
165.230153435624,15.3429880748692
165.470313542362,15.403264691538
165.710473649099,15.4635413082067
165.950633755837,15.5238179248755
166.190793862575,15.5840945415443
166.430953969313,15.6443711582131
166.671114076051,15.7046477748819
166.911274182789,15.7649243915507
167.151434289526,15.8252010082194
167.391594396264,15.8854776248882
167.631754503002,15.945754241557
167.87191460974,16.0060308582258
168.112074716478,16.0663074748946
168.352234823215,16.1265840915634
168.592394929953,16.1868607082321
168.832555036691,16.2471373249009
169.072715143429,16.3074139415697
169.312875250167,16.3676905582385
169.553035356905,16.4279671749073
169.793195463642,16.4882437915761
170.03335557038,16.5485204082448
170.273515677118,16.6087970249136
170.513675783856,16.6690736415824
170.753835890594,16.7293502582512
170.993995997332,16.78962687492
171.234156104069,16.8499034915888
171.474316210807,16.9101801082575
171.714476317545,16.9704567249263
171.954636424283,17.0307333415951
172.194796531021,17.0910099582639
172.434956637759,17.1512865749327
172.675116744496,17.2115631916014
172.915276851234,17.2718398082702
173.155436957972,17.332116424939
173.39559706471,17.3923930416078
173.635757171448,17.4526696582766
173.875917278185,17.5129462749454
174.116077384923,17.5732228916141
174.356237491661,17.6334995082829
174.596397598399,17.6937761249517
174.836557705137,17.7540527416205
175.076717811875,17.8143293582893
175.316877918612,17.8746059749581
175.55703802535,17.9348825916268
175.797198132088,17.9951592082956
176.037358238826,18.0554358249644
176.277518345564,18.1157124416332
176.517678452302,18.175989058302
176.757838559039,18.2362656749708
176.997998665777,18.2965422916395
177.238158772515,18.3568189083083
177.478318879253,18.4170955249771
177.718478985991,18.4773721416459
177.958639092728,18.5376487583147
178.198799199466,18.5979253749835
178.438959306204,18.6582019916522
178.679119412942,18.718478608321
178.91927951968,18.7787552249898
179.159439626418,18.8390318416586
179.399599733155,18.8993084583274
179.639759839893,18.9595850749961
179.879919946631,19.0198616916649
180.120080053369,19.0801383083337
180.360240160107,19.1404149250025
180.600400266845,19.2006915416713
180.840560373582,19.2609681583401
181.08072048032,19.3212447750089
181.320880587058,19.3815213916776
181.561040693796,19.4417980083464
181.801200800534,19.5020746250152
182.041360907272,19.562351241684
182.281521014009,19.6226278583528
182.521681120747,19.6829044750215
182.761841227485,19.7431810916903
183.002001334223,19.8034577083591
183.242161440961,19.8637343250279
183.482321547698,19.9240109416967
183.722481654436,19.9842875583655
183.962641761174,20.0445641750342
184.202801867912,20.104840791703
184.44296197465,20.1651174083718
184.683122081388,20.2253940250406
184.923282188125,20.2856706417094
185.163442294863,20.3459472583782
185.403602401601,20.4062238750469
185.643762508339,20.4665004917157
185.883922615077,20.5267771083845
186.124082721815,20.5870537250533
186.364242828552,20.6473303417221
186.60440293529,20.7076069583908
186.844563042028,20.7678835750596
187.084723148766,20.8281601917284
187.324883255504,20.8884368083972
187.565043362241,20.948713425066
187.805203468979,21.0089900417348
188.045363575717,21.0692666584035
188.285523682455,21.1295432750723
188.525683789193,21.1898198917411
188.765843895931,21.2500965084099
189.006004002668,21.3103731250787
189.246164109406,21.3706497417475
189.486324216144,21.4309263584162
189.726484322882,21.491202975085
189.96664442962,21.5514795917538
190.206804536358,21.6117562084226
190.446964643095,21.6720328250914
190.687124749833,21.7323094417602
190.927284856571,21.7925860584289
191.167444963309,21.8528626750977
191.407605070047,21.9131392917665
191.647765176785,21.9734159084353
191.887925283522,22.0336925251041
192.12808539026,22.0939691417729
192.368245496998,22.1542457584416
192.608405603736,22.2145223751104
192.848565710474,22.2747989917792
193.088725817211,22.335075608448
193.328885923949,22.3953522251168
193.569046030687,22.4556288417855
193.809206137425,22.5159054584543
194.049366244163,22.5761820751231
194.289526350901,22.6364586917919
194.529686457638,22.6967353084607
194.769846564376,22.7570119251295
195.010006671114,22.8172885417982
195.250166777852,22.877565158467
195.49032688459,22.9378417751358
195.730486991328,22.9981183918046
195.970647098065,23.0583950084734
196.210807204803,23.1186716251422
196.450967311541,23.1789482418109
196.691127418279,23.2392248584797
196.931287525017,23.2995014751485
197.171447631754,23.3597780918173
197.411607738492,23.4200547084861
197.65176784523,23.4803313251549
197.891927951968,23.5406079418236
198.132088058706,23.6008845584924
198.372248165444,23.6611611751612
198.612408272181,23.72143779183
198.852568378919,23.7817144084988
199.092728485657,23.8419910251675
199.332888592395,23.9022676418363
199.573048699133,23.9625442585051
199.813208805871,24.0228208751739
200.053368912608,24.0830974918427
200.293529019346,24.1433741085115
200.533689126084,24.2036507251802
200.773849232822,24.263927341849
201.01400933956,24.3242039585178
201.254169446298,24.3844805751866
201.494329553035,24.4447571918554
201.734489659773,24.5050338085242
201.974649766511,24.5653104251929
202.214809873249,24.6255870418617
202.454969979987,24.6858636585305
202.695130086724,24.7461402751993
202.935290193462,24.8064168918681
203.1754503002,24.8666935085369
203.415610406938,24.9269701252056
203.655770513676,24.9872467418744
203.895930620414,25.0475233585432
204.136090727151,25.107799975212
204.376250833889,25.1680765918808
204.616410940627,25.2283532085495
204.856571047365,25.2886298252183
205.096731154103,25.3489064418871
205.336891260841,25.4091830585559
205.577051367578,25.4694596752247
205.817211474316,25.5297362918935
206.057371581054,25.5900129085623
206.297531687792,25.650289525231
206.53769179453,25.7105661418998
206.777851901268,25.7708427585686
207.018012008005,25.8311193752374
207.258172114743,25.8913959919062
207.498332221481,25.9516726085749
207.738492328219,26.0119492252437
207.978652434957,26.0722258419125
208.218812541694,26.1325024585813
208.458972648432,26.1927790752501
208.69913275517,26.2530556919189
208.939292861908,26.3133323085876
209.179452968646,26.3736089252564
209.419613075384,26.4338855419252
209.659773182121,26.494162158594
209.899933288859,26.5544387752628
210.140093395597,26.6147153919315
210.380253502335,26.6749920086003
210.620413609073,26.7352686252691
210.860573715811,26.7955452419379
211.100733822548,26.8558218586067
211.340893929286,26.9160984752755
211.581054036024,26.9763750919442
211.821214142762,27.036651708613
212.0613742495,27.0969283252818
212.301534356237,27.1572049419506
212.541694462975,27.2174815586194
212.781854569713,27.2777581752882
213.022014676451,27.338034791957
213.262174783189,27.3983114086257
213.502334889927,27.4585880252945
213.742494996664,27.5188646419633
213.982655103402,27.5791412586321
214.22281521014,27.6394178753009
214.462975316878,27.6996944919696
214.703135423616,27.7599711086384
214.943295530354,27.8202477253072
215.183455637091,27.880524341976
215.423615743829,27.9408009586448
215.663775850567,28.0010775753136
215.903935957305,28.0613541919823
216.144096064043,28.1216308086511
216.384256170781,28.1819074253199
216.624416277518,28.2421840419887
216.864576384256,28.3024606586575
217.104736490994,28.3627372753262
217.344896597732,28.423013891995
217.58505670447,28.4832905086638
217.825216811207,28.5435671253326
218.065376917945,28.6038437420014
218.305537024683,28.6641203586702
218.545697131421,28.7243969753389
218.785857238159,28.7846735920077
219.026017344897,28.8449502086765
219.266177451634,28.9052268253453
219.506337558372,28.9655034420141
219.74649766511,29.0257800586829
219.986657771848,29.0860566753516
220.226817878586,29.1463332920204
220.466977985324,29.2066099086892
220.707138092061,29.266886525358
220.947298198799,29.3271631420268
221.187458305537,29.3874397586956
221.427618412275,29.4477163753643
221.667778519013,29.5079929920331
221.90793862575,29.5682696087019
222.148098732488,29.6285462253707
222.388258839226,29.6888228420395
222.628418945964,29.7490994587083
222.868579052702,29.809376075377
223.10873915944,29.8696526920458
223.348899266177,29.9299293087146
223.589059372915,29.9902059253834
223.829219479653,30.0504825420522
224.069379586391,30.1107591587209
224.309539693129,30.1710357753897
224.549699799867,30.2313123920585
224.789859906604,30.2915890087273
225.030020013342,30.3518656253961
225.27018012008,30.4121422420649
225.510340226818,30.4724188587336
225.750500333556,30.5326954754024
225.990660440294,30.5929720920712
226.230820547031,30.65324870874
226.470980653769,30.7135253254088
226.711140760507,30.7738019420776
226.951300867245,30.8340785587463
227.191460973983,30.8943551754151
227.43162108072,30.9546317920839
227.671781187458,31.4297942109559
227.911941294196,31.4297942109559
228.152101400934,31.4297942109559
228.392261507672,31.4297942109559
228.63242161441,31.4297942109559
228.872581721147,31.4297942109559
229.112741827885,31.4297942109559
229.352901934623,31.4399113269916
229.593062041361,31.5010044271246
229.833222148099,31.5627623358794
230.073382254837,31.6251788315226
230.313542361574,31.6882476259725
230.553702468312,31.7519623654319
230.79386257505,31.8271040638186
231.034022681788,31.8921962445837
231.274182788526,31.9579138237769
231.514342895263,32.0353659308522
231.754503002001,32.1136496402049
231.994663108739,32.1814037161397
232.234823215477,32.2612032650312
232.474983322215,32.3418034486529
232.715143428953,32.4231932148464
232.95530353569,32.5053614031834
233.195463642428,32.5882967464954
233.435623749166,32.6719878724194
233.675783855904,32.7685455954861
233.915943962642,32.8538174810586
234.15610406938,32.9521512438143
234.396264176117,33.0514069817339
234.636424282855,33.1515669182026
234.876584389593,33.2526131146642
235.116744496331,33.3545274738342
235.356904603069,33.457291742941
235.597064709807,33.573894531471
235.837224816544,33.6915232587577
236.077384923282,33.8101512617302
236.31754503002,33.9430994312381
236.557705136758,34.0637484442928
236.797865243496,34.1988747424915
237.038025350233,34.3487731085793
237.278185456971,34.4999416579712
237.518345563709,34.6523292042758
237.758505670447,34.8198997822728
237.998665777185,34.9887921274746
238.238825883923,35.1731714653297
238.47898599066,35.3732792819394
238.719146097398,35.6037987601849
238.959306204136,35.8361064281076
239.199466310874,36.114064602208
239.439626417612,36.4383985928694
239.67978652435,36.8394746962142
239.919946631087,37.4681784983016
240.160106737825,0.886847931485095
240.400266844563,1.40941550148416
240.640426951301,1.7798245795507
240.880587058039,2.08858938685862
241.120747164777,2.336671777225
241.360907271514,2.58286449642184
241.601067378252,2.78405180127454
241.84122748499,2.9837121256538
242.081387591728,3.16764799350878
242.321547698466,3.33610728587842
242.561707805203,3.50322224212732
242.801867911941,3.65517246564355
243.042028018679,3.80588503034209
243.282188125417,3.94177950104618
243.522348232155,4.0765709040954
243.762508338893,4.21022151946081
244.00266844563,4.32950078130115
244.242828552368,4.44779866904866
244.482988659106,4.56508836795308
244.723148765844,4.66847799943855
244.963308872582,4.78379099340278
245.20346897932,4.88538192227352
245.443629086057,4.98609788355829
245.683789192795,5.08592083911743
245.923949299533,5.18483291074778
246.164109406271,5.27061983348965
246.404269513009,5.36777638078374
246.644429619746,5.45200033128994
246.884589726484,5.53547668584228
247.124749833222,5.62994813142257
247.36490993996,5.71178408373407
247.605070046698,5.78130623026068
247.845230153436,5.86167878410075
248.085390260173,5.94124756554985
248.325550366911,6.02000166387881
248.565710473649,6.08684856657413
248.805870580387,6.16406111727429
249.046030687125,6.22957096285443
249.286190793863,6.30520545041003
249.5263509006,6.36934725782624
249.766511007338,6.43284739229011
250.006671114076,6.49569945654975
250.246831220814,6.55789711864243
250.486991327552,6.61943411253239
250.72715143429,6.68324748012075
250.967311541027,6.74352409678952
251.207471647765,6.80380071345831
251.447631754503,6.86407733012709
251.687791861241,6.92435394679587
251.927951967979,6.98463056346465
252.168112074716,7.04490718013344
252.408272181454,7.10518379680221
252.648432288192,7.165460413471
252.88859239493,7.22573703013978
253.128752501668,7.28601364680857
253.368912608406,7.34629026347734
253.609072715143,7.40656688014613
253.849232821881,7.46684349681492
254.089392928619,7.52712011348369
254.329553035357,7.58739673015248
254.569713142095,7.64767334682126
254.809873248833,7.70794996349005
255.05003335557,7.76822658015882
255.290193462308,7.82850319682761
255.530353569046,7.88877981349639
255.770513675784,7.94905643016517
256.010673782522,8.00933304683395
256.25083388926,8.06960966350274
256.490993995997,8.12988628017151
256.731154102735,8.1901628968403
256.971314209473,8.25043951350909
257.211474316211,8.31071613017787
257.451634422949,8.37099274684665
257.691794529686,8.43126936351543
257.931954636424,8.49154598018422
258.172114743162,8.55182259685299
258.4122748499,8.61209921352178
258.652434956638,8.67237583019057
258.892595063376,8.73265244685934
259.132755170113,8.79292906352813
259.372915276851,8.85320568019691
259.613075383589,8.9134822968657
259.853235490327,8.97375891353447
260.093395597065,9.03403553020326
260.333555703803,9.09431214687204
260.57371581054,9.15458876354083
260.813875917278,9.2148653802096
261.054036024016,9.27514199687839
261.294196130754,9.33541861354717
261.534356237492,9.39569523021596
261.774516344229,9.45597184688473
262.014676450967,9.51624846355352
262.254836557705,9.57652508022231
262.494996664443,9.63680169689108
262.735156771181,9.69707831355987
262.975316877919,9.75735493022865
263.215476984656,9.81763154689744
263.455637091394,9.87790816356621
263.695797198132,9.938184780235
263.93595730487,9.99846139690379
264.176117411608,10.0587380135726
264.416277518346,10.1190146302413
264.656437625083,10.1792912469101
264.896597731821,10.2395678635789
265.136757838559,10.2998444802477
265.376917945297,10.3601210969165
265.617078052035,10.4203977135853
265.857238158773,10.4806743302541
266.09739826551,10.5409509469228
266.337558372248,10.6012275635916
266.577718478986,10.6615041802604
266.817878585724,10.7217807969292
267.058038692462,10.782057413598
267.298198799199,10.8423340302667
267.538358905937,10.9026106469355
267.778519012675,10.9628872636043
268.018679119413,11.0231638802731
268.258839226151,11.0834404969419
268.498999332889,11.1437171136107
268.739159439626,11.2039937302794
268.979319546364,11.2642703469482
269.219479653102,11.324546963617
269.45963975984,11.3848235802858
269.699799866578,11.4451001969546
269.939959973316,11.5053768136234
270.180120080053,11.5656534302921
270.420280186791,11.6259300469609
270.660440293529,11.6862066636297
270.900600400267,11.7464832802985
271.140760507005,11.8067598969673
271.380920613742,11.8670365136361
271.62108072048,11.9273131303048
271.861240827218,11.9875897469736
272.101400933956,12.0478663636424
272.341561040694,12.1081429803112
272.581721147432,12.16841959698
272.821881254169,12.2286962136488
273.062041360907,12.2889728303175
273.302201467645,12.3492494469863
273.542361574383,12.4095260636551
273.782521681121,12.4698026803239
274.022681787859,12.5300792969927
274.262841894596,12.5903559136614
274.503002001334,12.6506325303302
274.743162108072,12.710909146999
274.98332221481,12.7711857636678
275.223482321548,12.8314623803366
275.463642428286,12.8917389970054
275.703802535023,12.9520156136741
275.943962641761,13.0122922303429
276.184122748499,13.0725688470117
276.424282855237,13.1328454636805
276.664442961975,13.1931220803493
276.904603068712,13.2533986970181
277.14476317545,13.3136753136868
277.384923282188,13.3739519303556
277.625083388926,13.4342285470244
277.865243495664,13.4945051636932
278.105403602402,13.554781780362
278.345563709139,13.6150583970308
278.585723815877,13.6753350136995
278.825883922615,13.7356116303683
279.066044029353,13.7958882470371
279.306204136091,13.8561648637059
279.546364242829,13.9164414803747
279.786524349566,13.9767180970435
280.026684456304,14.0369947137122
280.266844563042,14.097271330381
280.50700466978,14.1575479470498
280.747164776518,14.2178245637186
280.987324883255,14.2781011803874
281.227484989993,14.3383777970561
281.467645096731,14.3986544137249
281.707805203469,14.4589310303937
281.947965310207,14.5192076470625
282.188125416945,14.5794842637313
282.428285523682,14.6397608804001
282.66844563042,14.7000374970688
282.908605737158,14.7603141137376
283.148765843896,14.8205907304064
283.388925950634,14.8808673470752
283.629086057372,14.941143963744
283.869246164109,15.0014205804128
284.109406270847,15.0616971970815
284.349566377585,15.1219738137503
284.589726484323,15.1822504304191
284.829886591061,15.2425270470879
285.070046697799,15.3028036637567
285.310206804536,15.3630802804254
285.550366911274,15.4233568970942
285.790527018012,15.483633513763
286.03068712475,15.5439101304318
286.270847231488,15.6041867471006
286.511007338226,15.6644633637694
286.751167444963,15.7247399804381
286.991327551701,15.7850165971069
287.231487658439,15.8452932137757
287.471647765177,15.9055698304445
287.711807871915,15.9658464471133
287.951967978652,16.0261230637821
288.19212808539,16.0863996804508
288.432288192128,16.1466762971196
288.672448298866,16.2069529137884
288.912608405604,16.2672295304572
289.152768512342,16.327506147126
289.392928619079,16.3877827637947
289.633088725817,16.4480593804635
289.873248832555,16.5083359971323
290.113408939293,16.5686126138011
290.353569046031,16.6288892304699
290.593729152769,16.6891658471387
290.833889259506,16.7494424638074
291.074049366244,16.8097190804762
291.314209472982,16.869995697145
291.55436957972,16.9302723138138
291.794529686458,16.9905489304826
292.034689793195,17.0508255471514
292.274849899933,17.1111021638201
292.515010006671,17.1713787804889
292.755170113409,17.2316553971577
292.995330220147,17.2919320138265
293.235490326885,17.3522086304953
293.475650433622,17.4124852471641
293.71581054036,17.4727618638329
293.955970647098,17.5330384805016
294.196130753836,17.5933150971704
294.436290860574,17.6535917138392
294.676450967312,17.713868330508
294.916611074049,17.7741449471768
295.156771180787,17.8344215638455
295.396931287525,17.8946981805143
295.637091394263,17.9549747971831
295.877251501001,18.0152514138519
296.117411607739,18.0755280305207
296.357571714476,18.1358046471895
296.597731821214,18.1960812638582
296.837891927952,18.256357880527
297.07805203469,18.3166344971958
297.318212141428,18.3769111138646
297.558372248165,18.4371877305334
297.798532354903,18.4974643472021
298.038692461641,18.5577409638709
298.278852568379,18.6180175805397
298.519012675117,18.6782941972085
298.759172781855,18.7385708138773
298.999332888592,18.7988474305461
299.23949299533,18.8591240472148
299.479653102068,18.9194006638836
299.719813208806,18.9796772805524
299.959973315544,19.0399538972212
300.200133422282,19.10023051389
300.440293529019,19.1605071305588
300.680453635757,19.2207837472276
300.920613742495,19.2810603638963
301.160773849233,19.3413369805651
301.400933955971,19.4016135972339
301.641094062708,19.4618902139027
301.881254169446,19.5221668305715
302.121414276184,19.5824434472402
302.361574382922,19.642720063909
302.60173448966,19.7029966805778
302.841894596398,19.7632732972466
303.082054703135,19.8235499139154
303.322214809873,19.8838265305842
303.562374916611,19.9441031472529
303.802535023349,20.0043797639217
304.042695130087,20.0646563805905
304.282855236825,20.1249329972593
304.523015343562,20.1852096139281
304.7631754503,20.2454862305968
305.003335557038,20.3057628472656
305.243495663776,20.3660394639344
305.483655770514,20.4263160806032
305.723815877252,20.486592697272
305.963975983989,20.5468693139408
306.204136090727,20.6071459306095
306.444296197465,20.6674225472783
306.684456304203,20.7276991639471
306.924616410941,20.7879757806159
307.164776517678,20.8482523972847
307.404936624416,20.9085290139535
307.645096731154,20.9688056306222
307.885256837892,21.029082247291
308.12541694463,21.0893588639598
308.365577051368,21.1496354806286
308.605737158105,21.2099120972974
308.845897264843,21.2701887139662
309.086057371581,21.3304653306349
309.326217478319,21.3907419473037
309.566377585057,21.4510185639725
309.806537691795,21.5112951806413
310.046697798532,21.5715717973101
310.28685790527,21.6318484139788
310.527018012008,21.6921250306476
310.767178118746,21.7524016473164
311.007338225484,21.8126782639852
311.247498332221,21.872954880654
311.487658438959,21.9332314973228
311.727818545697,21.9935081139915
311.967978652435,22.0537847306603
312.208138759173,22.1140613473291
312.448298865911,22.1743379639979
312.688458972648,22.2346145806667
312.928619079386,22.2948911973355
313.168779186124,22.3551678140042
313.408939292862,22.415444430673
313.6490993996,22.4757210473418
313.889259506338,22.5359976640106
314.129419613075,22.5962742806794
314.369579719813,22.6565508973481
314.609739826551,22.7168275140169
314.849899933289,22.7771041306857
315.090060040027,22.8373807473545
315.330220146765,22.8976573640233
315.570380253502,22.9579339806921
315.81054036024,23.0182105973608
316.050700466978,23.0784872140296
316.290860573716,23.1387638306984
316.531020680454,23.1990404473672
316.771180787191,23.259317064036
317.011340893929,23.3195936807048
317.251501000667,23.3798702973736
317.491661107405,23.4401469140423
317.731821214143,23.5004235307111
317.971981320881,23.5607001473799
318.212141427618,23.6209767640487
318.452301534356,23.6812533807175
318.692461641094,23.7415299973862
318.932621747832,23.801806614055
319.17278185457,23.8620832307238
319.412941961308,23.9223598473926
319.653102068045,23.9826364640614
319.893262174783,24.0429130807302
320.133422281521,24.1031896973989
320.373582388259,24.1634663140677
320.613742494997,24.2237429307365
320.853902601734,24.2840195474053
321.094062708472,24.3442961640741
321.33422281521,24.4045727807428
321.574382921948,24.4648493974116
321.814543028686,24.5251260140804
322.054703135424,24.5854026307492
322.294863242161,24.645679247418
322.535023348899,24.7059558640868
322.775183455637,24.7662324807556
323.015343562375,24.8265090974243
323.255503669113,24.8867857140931
323.495663775851,24.9470623307619
323.735823882588,25.0073389474307
323.975983989326,25.0676155640995
324.216144096064,25.1278921807683
324.456304202802,25.188168797437
324.69646430954,25.2484454141058
324.936624416278,25.3087220307746
325.176784523015,25.3689986474434
325.416944629753,25.4292752641122
325.657104736491,25.4895518807809
325.897264843229,25.5498284974497
326.137424949967,25.6101051141185
326.377585056704,25.6703817307873
326.617745163442,25.7306583474561
326.85790527018,25.7909349641249
327.098065376918,25.8512115807936
327.338225483656,25.9114881974624
327.578385590394,25.9717648141312
327.818545697131,26.0320414308
328.058705803869,26.0923180474688
328.298865910607,26.1525946641375
328.539026017345,26.2128712808063
328.779186124083,26.2731478974751
329.019346230821,26.3334245141439
329.259506337558,26.3937011308127
329.499666444296,26.4539777474815
329.739826551034,26.5142543641503
329.979986657772,26.574530980819
330.22014676451,26.6348075974878
330.460306871247,26.6950842141566
330.700466977985,26.7553608308254
330.940627084723,26.8156374474942
331.180787191461,26.8759140641629
331.420947298199,26.9361906808317
331.661107404937,26.9964672975005
331.901267511674,27.0567439141693
332.141427618412,27.1170205308381
332.38158772515,27.1772971475069
332.621747831888,27.2375737641756
332.861907938626,27.2978503808444
333.102068045364,27.3581269975132
333.342228152101,27.418403614182
333.582388258839,27.4786802308508
333.822548365577,27.5389568475196
334.062708472315,27.5992334641883
334.302868579053,27.6595100808571
334.543028685791,27.7197866975259
334.783188792528,27.7800633141947
335.023348899266,27.8403399308635
335.263509006004,27.9006165475323
335.503669112742,27.960893164201
335.74382921948,28.0211697808698
335.983989326217,28.0814463975386
336.224149432955,28.1417230142074
336.464309539693,28.2019996308762
336.704469646431,28.2622762475449
336.944629753169,28.3225528642137
337.184789859907,28.3828294808825
337.424949966644,28.4431060975513
337.665110073382,28.5033827142201
337.90527018012,28.5636593308889
338.145430286858,28.6239359475576
338.385590393596,28.6842125642264
338.625750500334,28.7444891808952
338.865910607071,28.804765797564
339.106070713809,28.8650424142328
339.346230820547,28.9253190309016
339.586390927285,28.9855956475703
339.826551034023,29.0458722642391
340.066711140761,29.1061488809079
340.306871247498,29.1664254975767
340.547031354236,29.2267021142455
340.787191460974,29.2869787309142
341.027351567712,29.347255347583
341.26751167445,29.4075319642518
341.507671781187,29.4678085809206
341.747831887925,29.5280851975894
341.987991994663,29.5883618142582
342.228152101401,29.648638430927
342.468312208139,29.7089150475957
342.708472314877,29.7691916642645
342.948632421614,29.8294682809333
343.188792528352,29.8897448976021
343.42895263509,29.9500215142709
343.669112741828,30.0102981309397
343.909272848566,30.0705747476084
344.149432955304,30.1308513642772
344.389593062041,30.191127980946
344.629753168779,30.2514045976148
344.869913275517,30.3116812142836
345.110073382255,30.3719578309523
345.350233488993,30.4322344476211
345.59039359573,30.4925110642899
345.830553702468,30.5527876809587
346.070713809206,30.6130642976275
346.310873915944,30.6733409142962
346.551034022682,30.733617530965
346.79119412942,30.7938941476338
347.031354236157,30.8541707643026
347.271514342895,30.9144473809714
347.511674449633,30.9747239976402
347.751834556371,31.4297942109559
347.991994663109,31.4297942109559
348.232154769847,31.4297942109559
348.472314876584,31.4297942109559
348.712474983322,31.4297942109559
348.95263509006,31.4297942109559
349.192795196798,31.4297942109559
349.432955303536,31.4602014447697
349.673115410274,31.5215168349589
349.913275517011,31.5834949672696
350.153435623749,31.6461295977824
350.393595730487,31.7094144164397
350.633755837225,31.7733430476813
350.873915943963,31.8487315625964
351.1140760507,31.914032941256
351.354236157438,31.9910050712752
351.594396264176,32.0576483148926
351.834556370914,32.1361676582003
352.074716477652,32.2041212497179
352.31487658439,32.2841506727875
352.555036691127,32.3649775839643
352.795196797865,32.4465909000006
353.035356904603,32.5289794298137
353.275517011341,32.6121318760216
353.515677118079,32.708084019564
353.755837224817,32.7928349022413
353.995997331554,32.8905834765713
354.236157438292,32.976879434724
354.47631754503,33.076362895219
354.716477651768,33.176746084681
354.956637758506,33.2780110245695
355.196797865243,33.3929654611904
355.436957971981,33.4960437095579
355.677118078719,33.6129914260057
355.917278185457,33.7309562190615
356.157438292195,33.849911349478
356.397598398933,33.9832124205841
356.63775850567,34.1176655336092
356.877918612408,34.2532330631915
357.118078719146,34.3898770721108
357.358238825884,34.5413831692248
357.598398932622,34.7080350211066
357.83855903936,34.876053717832
358.078719146097,35.0453715536639
358.318879252835,35.2444599434814
358.559039359573,35.4451145232331
358.799199466311,35.6762106125229
359.039359573049,35.9236488935629
359.279519679787,36.2169909091735
359.519679786524,36.5569193566347
359.759839893262,37.0036597275239
360,0
