Time (ms),Marker 1
0,0.001344395
17,0.001302004
33,0.001413431
50,0.001524858
67,0.001482468
83,0.001255979
100,0.000925331
117,0.0005983161
133,0.000328226
150,0.0001259613
167,-1.574515E-05
183,-0.0001053714
200,-0.0001526069
217,-0.0001647186
233,-0.0001489734
250,-0.0001138496
267,-6.903648E-05
283,-2.180099E-05
300,2.54345E-05
317,6.661416E-05
333,9.325982E-05
350,9.568213E-05
367,6.903645E-05
383,9.689303E-06
400,-8.96263E-05
417,-0.0002385997
433,-0.0004469203
450,-0.0007194328
467,-0.001057348
483,-0.001461878
500,-0.001929388
517,-0.002446556
533,-0.002992792
550,-0.003537817
567,-0.004040451
583,-0.004438924
600,-0.0046533
617,-0.004591531
633,-0.004171256
650,-0.003388843
667,-0.002372675
683,-0.00133955
700,-0.0004299644
717,0.0004081629
733,0.001327438
750,0.00237752
767,0.0034167
783,0.004229392
800,0.004687213
817,0.004795007
833,0.004633922
850,0.004294795
867,0.003851508
883,0.003359775
900,0.002861986
917,0.002385998
933,0.001943922
950,0.001532125
967,0.001139707
983,0.0007545566
1000,0.0003597164
1017,-6.782533E-05
1033,-0.0005535031
1050,-0.00112154
1067,-0.001793737
1083,-0.002588262
1100,-0.003513593
1117,-0.004564886
1133,-0.005722761
1150,-0.006944828
1167,-0.008162051
1183,-0.009277534
1200,-0.0101629
1217,-0.010651
1233,-0.01055531
1250,-0.009742621
1267,-0.00822382
1283,-0.006170894
1300,-0.003834554
1317,-0.0014534
1333,0.0007618245
1350,0.002593109
1367,0.00384061
1383,0.004412279
1400,0.0043929
1417,0.00402955
1433,0.003626232
1450,0.003403377
1467,0.003379154
1483,0.003354931
1500,0.003035183
1517,0.002198267
1533,0.0008042149
1550,-0.001019801
1567,-0.003076362
1583,-0.005227394
1600,-0.007500754
1617,-0.01010718
1633,-0.01334584
1650,-0.01747713
1667,-0.02268272
1683,-0.02908373
1700,-0.03672013
1717,-0.04548534
1733,-0.05511533
1750,-0.0652649
1767,-0.07557435
1783,-0.08568395
1800,-0.0952449
1817,-0.1039726
1833,-0.1117131
1850,-0.1184654
1867,-0.1243226
1883,-0.1293029
1900,-0.133129
1917,-0.1351068
1933,-0.1342227
1950,-0.1294034
1967,-0.1197601
1983,-0.1047404
2000,-0.08420633
2017,-0.05846541
2033,-0.02828073
2050,0.005074788
2067,0.03970931
2083,0.07315687
2100,0.1027517
2117,0.1261962
2133,0.141985
2150,0.1495439
2167,0.1491915
2183,0.1419475
2200,0.1291479
2217,0.1120074
2233,0.09142486
2250,0.06810991
2267,0.04278203
2283,0.01622479
2300,-0.01076847
2317,-0.0374214
2333,-0.06293097
2350,-0.08644333
2367,-0.1071058
2383,-0.1241894
2400,-0.1371913
2417,-0.1457857
2433,-0.1496408
2450,-0.1482673
2467,-0.1411069
2483,-0.1278265
2500,-0.1086307
2517,-0.08449583
2533,-0.05727367
2550,-0.02954885
2567,-0.004126443
2583,0.01664388
2600,0.03134501
2617,0.03964753
2633,0.04227817
2650,0.04083689
2667,0.03734148
2683,0.03359654
2700,0.03072365
2717,0.02907283
2733,0.02845152
2750,0.02853387
2767,0.02931022
2783,0.03132923
2800,0.03553439
2817,0.04284862
2833,0.05387628
2850,0.06879421
2867,0.0871979
2883,0.1078301
2900,0.1284696
2917,0.1462786
2933,0.158532
2950,0.1633924
2967,0.1603802
2983,0.1503554
3000,0.1350911
3017,0.1166838
3033,0.09707861
3050,0.07783318
3067,0.06008717
3083,0.04462784
3100,0.03194451
3117,0.02221884
3133,0.01528855
3150,0.01068006
3167,0.00775752
3183,0.005926237
3200,0.004752616
3217,0.003959302
3233,0.003350086
3250,0.002749348
3267,0.002002059
3283,0.001033125
3300,-8.599324E-05
3317,-0.001182099
3333,-0.002148609
3350,-0.003064251
3367,-0.004097376
3383,-0.005291585
3400,-0.006484584
3417,-0.007429294
3433,-0.007952518
3450,-0.008000964
3467,-0.007587956
3483,-0.006734084
3500,-0.005465993
3517,-0.003878155
3533,-0.002191
3550,-0.000703688
3567,0.0003633499
3583,0.0009786227
3600,0.001240235
3617,0.001241446
3633,0.001041603
3650,0.0007315445
3667,0.0004311753
3683,0.00021801
3700,0.0001295948
3717,0.0002385996
3733,0.0006261728
3750,0.001235389
3767,0.001811905
3783,0.002038393
3800,0.001729545
3817,0.0009386538
3833,-4.723551E-05
3850,-0.0008163261
3867,-0.001044025
3883,-0.00068552
3900,2.301223E-05
3917,0.0007485008
3933,0.001258402
3950,0.001493368
3967,0.001553926
3983,0.001652031
4000,0.002014169
4017,0.002750559
4033,0.003782472
4050,0.004904012
4067,0.005906858
4083,0.006648092
4100,0.007028398
4117,0.006950883
4133,0.006322288
4150,0.005120812
4167,0.003480893
4183,0.00171259
4200,0.0002010537
4217,-0.0007678797
4233,-0.001109429
4250,-0.0009192753
4267,-0.0003839395
4283,0.0002846243
4300,0.0008671951
4317,0.001148186
4333,0.0009459209
4350,0.0001768304
4367,-0.001065827
4383,-0.002496215
4400,-0.003736449
4417,-0.004483739
4433,-0.0046206
4450,-0.004194268
4467,-0.00333434
4483,-0.002181309
4500,-0.0008647722
4517,0.0004929444
4533,0.001773146
4550,0.002852296
4567,0.003600797
4583,0.003882999
4600,0.00358263
4617,0.002668199
4633,0.001271725
4650,-0.0002882578
4667,-0.001607218
4683,-0.002365408
4700,-0.002438078
4717,-0.00187973
4733,-0.0008308598
4750,0.0005474473
4767,0.002090473
4783,0.003628654
4800,0.005016651
4817,0.006204804
4833,0.007308177
4850,0.008606548
4867,0.01042935
4883,0.01298855
4900,0.01628655
4917,0.02018166
4933,0.0245358
4950,0.02929205
4967,0.03440075
4983,0.03970324
5000,0.04493669
5017,0.04988431
5033,0.05452428
5050,0.05900317
5067,0.0634421
5083,0.0677478
5100,0.07159326
5117,0.07456909
5133,0.07635918
5150,0.07680003
5167,0.07582263
5183,0.07337365
5200,0.06942041
5217,0.06404647
5233,0.05755462
5250,0.05047536
5267,0.04342273
5283,0.03683035
5300,0.0307079
5317,0.02463754
5333,0.01807666
5350,0.01074426
5367,0.002766307
5383,-0.005496274
5400,-0.01368861
5417,-0.02155271
5433,-0.02886572
5450,-0.03534303
5467,-0.04060555
5483,-0.04422332
5500,-0.04580874
5517,-0.04509293
5533,-0.04193541
5550,-0.03631439
5567,-0.02834977
5583,-0.01834554
5600,-0.00679586
5617,0.005674312
5633,0.01839519
5650,0.03074424
5667,0.04223216
5683,0.05254402
5700,0.06151513
5717,0.06906676
5733,0.0751674
5750,0.07982435
5767,0.08308119
5783,0.08504689
5800,0.0859625
5817,0.08622652
5833,0.08628225
5850,0.08642277
5867,0.08668317
5883,0.08687452
5900,0.08669043
5917,0.0858172
5933,0.08398955
5950,0.08090955
5967,0.07603096
5983,0.06849146
6000,0.05741171
6017,0.042346
6033,0.02347118
6050,0.001450963
6067,-0.02272149
6083,-0.04783744
6100,-0.07270147
6117,-0.09644274
6133,-0.1186228
6150,-0.1390334
6167,-0.1574116
6183,-0.1732149
6200,-0.1854828
6217,-0.1929121
6233,-0.1942953
6250,-0.1891333
6267,-0.1779349
6283,-0.162008
6300,-0.1430072
6317,-0.1225761
6333,-0.1021631
6350,-0.0829237
6367,-0.06566701
6383,-0.05085566
6400,-0.03865316
6417,-0.02898805
6433,-0.02161326
6450,-0.01615212
6467,-0.01216011
6483,-0.009216975
6500,-0.007027185
6517,-0.005452668
6533,-0.004443768
6550,-0.003944769
6567,-0.00386241
6583,-0.004097376
6600,-0.00454914
6617,-0.005089318
6633,-0.005584686
6650,-0.00599164
6667,-0.006410704
6683,-0.007000543
6700,-0.007807178
6717,-0.008679217
6733,-0.00934778
6750,-0.009591225
6767,-0.009345359
6783,-0.008685273
6800,-0.007750253
6817,-0.006672315
6833,-0.005553198
6850,-0.004464359
6867,-0.003449402
6883,-0.002538604
6900,-0.001748924
6917,-0.001088838
6933,-0.0005583476
6950,-0.0001501846
6967,0.0001465511
6983,0.0003476047
7000,0.0004687213
7017,0.0005244349
7033,0.0005304908
7050,0.0005002117
7067,0.000444498
7083,0.0003730392
7100,0.0002955245
7117,0.0002216434
7133,0.0001574516
7150,0.0001053715
7167,6.176947E-05
7183,2.301216E-05
7200,-9.68933E-06
7217,-3.149032E-05
7233,-4.117965E-05
7250,-4.117965E-05
7267,-3.391265E-05
7283,-2.180099E-05
7300,-7.266997E-06
7317,6.055831E-06
7333,1.574516E-05
7350,1.937866E-05
7367,1.816749E-05
7383,1.574516E-05
7400,1.4534E-05
7417,1.4534E-05
7433,1.574516E-05
7450,1.695633E-05
7467,1.574516E-05
7483,1.211166E-05
7500,8.478164E-06
7517,7.266998E-06
7533,6.055831E-06
7550,2.422332E-06
7567,-2.422332E-06
7583,-7.266997E-06
7600,-1.211166E-05
7617,-1.816749E-05
7633,-2.664566E-05
7650,-3.633499E-05
7667,-4.602432E-05
7683,-5.450248E-05
7700,-6.298065E-05
7717,-7.388114E-05
7733,-8.478163E-05
7750,-9.083747E-05
7767,-9.083747E-05
7783,-8.478165E-05
7800,-7.024765E-05
7817,-4.239083E-05
7833,1.211168E-06
7850,6.176949E-05
7867,0.00014534
7883,0.0002567673
7900,0.0003960514
7917,0.0005595588
7933,0.0007460784
7950,0.0009580325
7967,0.001192999
7983,0.001436443
8000,0.001665354
8017,0.001856718
8033,0.001987524
8050,0.002021437
8067,0.001905165
8083,0.001579361
8100,0.0009834669
8117,5.208011E-05
8133,-0.001291103
8150,-0.003127231
8167,-0.005558042
8183,-0.008772478
8200,-0.01312299
8217,-0.01912189
8233,-0.02730332
8250,-0.03802335
8267,-0.05131711
8283,-0.06686848
8300,-0.08408643
8317,-0.1022551
8333,-0.1207048
8350,-0.1389183
8367,-0.1565045
8383,-0.1730938
8400,-0.18826
8417,-0.201486
8433,-0.2121297
8450,-0.219404
8467,-0.2224379
8483,-0.2203717
8500,-0.2123937
8517,-0.1977823
8533,-0.1760624
8550,-0.1472234
8567,-0.1118597
8583,-0.0712917
8600,-0.02776235
8617,0.01548115
8633,0.05456066
8650,0.08581362
8667,0.1067183
8683,0.1164912
8700,0.116192
8717,0.1083364
8733,0.09615329
8750,0.08277717
8767,0.07069337
8783,0.06151635
8800,0.05597767
8817,0.05406523
8833,0.05529577
8850,0.05901528
8867,0.06455638
8883,0.07124808
8900,0.07842301
8917,0.08544654
8933,0.09168646
8950,0.09642941
8967,0.09887841
8983,0.09827163
9000,0.09402043
9017,0.0858172
9033,0.07372855
9050,0.05821591
9067,0.04000723
9083,0.01993215
9100,-0.00108763
9117,-0.02195965
9133,-0.04149213
9150,-0.05862045
9167,-0.07254037
9183,-0.08264756
9200,-0.08848175
9217,-0.0898201
9233,-0.08679462
9250,-0.07985342
9267,-0.06955244
9283,-0.05629377
9300,-0.0401477
9317,-0.02087322
9333,0.001856716
9350,0.0281608
9367,0.05767934
9383,0.08924718
9400,0.1205474
9417,0.1481802
9433,0.1685314
9450,0.1790964
9467,0.1793543
9483,0.170646
9500,0.1553575
9517,0.136066
9533,0.1150208
9550,0.09396228
9567,0.07412943
9583,0.0563374
9600,0.04106701
9617,0.02853386
9633,0.01873069
9650,0.01142251
9667,0.006135768
9683,0.002244292
9700,-0.0008187474
9717,-0.003350085
9733,-0.005353353
9750,-0.006715917
9767,-0.007400226
9783,-0.007498331
9800,-0.007170104
9817,-0.006569366
9833,-0.005817231
9850,-0.005000906
9867,-0.004180946
9883,-0.003397321
9900,-0.002676677
9917,-0.002038393
9933,-0.001490946
9950,-0.001035547
9967,-0.0006673526
9983,-0.0003778839
10000,-0.0001538182
10017,2.66456E-05
10033,0.0001865196
10050,0.0003488158
10067,0.0005353354
10083,0.0007654571
10100,0.001058559
10117,0.001431599
10133,0.001895475
10150,0.002452611
10167,0.00309453
10183,0.003804273
10200,0.004552774
10217,0.005292797
10233,0.005956516
10250,0.006456728
10267,0.006712284
10283,0.006709861
10300,0.006557254
10317,0.006432503
10333,0.006422814
10350,0.006403436
10367,0.006118813
10383,0.00538969
10400,0.004230604
10417,0.002805061
10433,0.001340761
10450,9.810434E-05
10467,-0.0006782531
10483,-0.0008635615
10500,-0.0005377576
10517,4.23907E-05
10533,0.0005571361
10550,0.0007533453
10567,0.0005462362
10583,3.875738E-05
10600,-0.0005740932
10617,-0.001169987
10633,-0.001788893
10650,-0.002550716
10667,-0.003484526
10683,-0.004440136
10700,-0.005169258
10717,-0.005491427
10733,-0.005367888
10750,-0.004814385
10767,-0.003738869
10783,-0.001865195
10800,0.001179675
10817,0.005688847
10833,0.01175073
10850,0.01924301
10867,0.02791496
10883,0.03749165
10900,0.04774659
10917,0.0584957
10933,0.06949793
10950,0.08037541
10967,0.09067275
10983,0.1000096
11000,0.1081487
11017,0.1149167
11033,0.1201065
11050,0.1234723
11067,0.1247925
11083,0.1239205
11100,0.1208066
11117,0.1155065
11133,0.1081656
11150,0.09896676
11167,0.08805173
11183,0.07547501
11200,0.06122689
11217,0.04530371
11233,0.02779871
11250,0.00901956
11267,-0.0103688
11283,-0.02931023
11300,-0.04655483
11317,-0.06101129
11333,-0.0720026
11350,-0.07926352
11367,-0.08278318
11383,-0.0826948
11400,-0.07931324
11417,-0.07322109
11433,-0.06525523
11450,-0.056358
11467,-0.0473663
11483,-0.03883605
11500,-0.03096105
11517,-0.02365649
11533,-0.01679523
11550,-0.01042934
11567,-0.004792579
11583,-6.539747E-05
11600,0.003849094
11617,0.007303338
11633,0.01065947
11650,0.01408949
11667,0.01762246
11683,0.02132742
11700,0.02537878
11717,0.02992308
11733,0.03492399
11750,0.04016471
11767,0.0453921
11783,0.05044388
11800,0.05525343
11817,0.05974564
11833,0.06373277
11850,0.06690115
11867,0.06887653
11883,0.06930288
11900,0.06788463
11917,0.06443527
11933,0.05893778
11950,0.0515218
11967,0.0423012
11983,0.03120571
12000,0.01801732
12017,0.002613688
12033,-0.01483196
12050,-0.03388723
12067,-0.05406161
12083,-0.07494816
12100,-0.09616051
12117,-0.1170967
12133,-0.1367104
12150,-0.1534947
12167,-0.1657808
12183,-0.1722339
12200,-0.172269
12217,-0.1661805
12233,-0.1549723
12250,-0.1400605
12267,-0.1229891
12283,-0.1051946
12300,-0.08780228
12317,-0.07151452
12333,-0.05666199
12350,-0.04337186
12367,-0.03171681
12383,-0.02175255
12400,-0.01348997
12417,-0.006872157
12433,-0.001781625
12450,0.001934233
12467,0.004437713
12483,0.005883845
12500,0.006410703
12517,0.006141824
12533,0.005204381
12550,0.003789739
12567,0.002217646
12583,0.0008926296
12600,0.000116272
12617,-0.0001053715
12633,-5.571364E-05
12650,-0.0001041603
12667,-0.0004868889
12683,-0.001195421
12700,-0.001976623
12717,-0.002442922
12733,-0.002285471
12750,-0.001469145
12767,-0.0002337551
12783,0.001088839
12800,0.002261247
12817,0.003192634
12833,0.003879365
12850,0.004338397
12867,0.004574575
12883,0.004573364
12900,0.00429964
12917,0.003701324
12933,0.00274208
12950,0.001467934
12967,6.055848E-05
12983,-0.001206322
13000,-0.002119541
13017,-0.002642765
13033,-0.002868042
13050,-0.002880153
13067,-0.002719068
13083,-0.0024405
13100,-0.002120752
13117,-0.001794948
13133,-0.001457033
13150,-0.001128807
13167,-0.0008562945
13183,-0.0006431293
13200,-0.0004566097
13217,-0.000299158
13233,-0.0002046871
13250,-0.0001647186
13267,-0.0001368618
13283,-0.0001174831
13300,-0.0001404953
13317,-0.0001986312
13333,-0.0002446556
13350,-0.0002700901
13367,-0.0003015804
13383,-0.0003294372
13400,-0.0003027915
13417,-0.0002083206
13433,-7.024762E-05
13450,0.0001259613
13467,0.0004335975
13483,0.0008708285
13500,0.00141222
13517,0.002061405
13533,0.002819595
13550,0.003547506
13567,0.0039048
13583,0.003471203
13600,0.001912432
13617,-0.0009725664
13633,-0.005290374
13650,-0.01110397
13667,-0.01844485
13683,-0.02730211
13700,-0.03761398
13717,-0.0492872
13733,-0.06224183
13750,-0.07638825
13767,-0.09151208
13783,-0.1071809
13800,-0.1228086
13817,-0.1378574
13833,-0.1519929
13850,-0.1650723
13867,-0.1769708
13883,-0.1873202
13900,-0.1952921
13917,-0.1995978
13933,-0.1987814
13950,-0.1916477
13967,-0.1775412
13983,-0.1564076
14000,-0.1287458
14017,-0.09552709
14033,-0.05810326
14050,-0.01818323
14067,0.02205534
14083,0.0599503
14100,0.09270265
14117,0.1179531
14133,0.1341645
14150,0.1406661
14167,0.1376103
14183,0.1260146
14200,0.1077441
14217,0.08526607
14233,0.06120745
14250,0.03786344
14267,0.01682792
14283,-0.001054928
14300,-0.01537574
14317,-0.0257748
14333,-0.03184757
14350,-0.03334215
14367,-0.03032879
14383,-0.02319383
14400,-0.01257192
14417,0.0007073085
14433,0.01571003
14450,0.03149637
14467,0.04710829
14483,0.06151995
14500,0.07374425
14517,0.08307511
14533,0.08922663
14550,0.09224243
14567,0.09232842
14583,0.08978981
14600,0.08505657
14617,0.07868341
14633,0.07125653
14650,0.06326646
14667,0.05502932
14683,0.04671347
14700,0.03843153
14717,0.03028644
14733,0.02232543
14750,0.01447101
14767,0.006531818
14783,-0.001727122
14800,-0.01052382
14817,-0.01998304
14833,-0.03000666
14850,-0.04017925
14867,-0.04983707
14883,-0.05824859
14900,-0.06470895
14917,-0.06853141
14933,-0.06906798
14950,-0.06580146
14967,-0.05839033
14983,-0.04662506
15000,-0.03042328
15017,-0.009896432
15033,0.01452068
15050,0.04182035
15067,0.07007565
15083,0.0963725
15100,0.1174444
15117,0.1307926
15133,0.1355295
15150,0.1324095
15167,0.1232168
15183,0.1100332
15200,0.09474348
15217,0.0788336
15233,0.06338154
15250,0.04911643
15267,0.03648033
15283,0.02568278
15300,0.01676012
15317,0.009632406
15333,0.004148245
15350,0.0001150608
15367,-0.002683945
15383,-0.004470415
15400,-0.005457515
15417,-0.005837821
15433,-0.005777263
15450,-0.005416335
15467,-0.004871311
15483,-0.004239082
15500,-0.003591108
15517,-0.00296978
15533,-0.002396898
15550,-0.001888208
15567,-0.001455822
15583,-0.001104583
15600,-0.0008296489
15617,-0.0006225394
15633,-0.0004747772
15650,-0.000371828
15667,-0.0002967357
15683,-0.0002289104
15700,-0.0001513958
15717,-4.96578E-05
15733,9.325983E-05
15750,0.0002918911
15767,0.0005571364
15783,0.0008950518
15800,0.001315326
15817,0.001831283
15833,0.002450189
15850,0.003168411
15867,0.003971414
15883,0.004830131
15900,0.005698537
15917,0.006514863
15933,0.007219762
15950,0.007791433
15967,0.008255309
15983,0.008627136
16000,0.008814868
16017,0.008617448
16033,0.007864104
16050,0.006557256
16067,0.004868891
16083,0.003029129
16100,0.001262036
16117,-0.0002083209
16133,-0.001177254
16150,-0.001555139
16167,-0.001447346
16183,-0.001133653
16200,-0.0009580329
16217,-0.001191787
16233,-0.001928177
16250,-0.003053351
16267,-0.004320231
16283,-0.005449037
16300,-0.006156357
16317,-0.006124867
16333,-0.005025128
16350,-0.002625808
16367,0.001120328
16383,0.006089744
16400,0.01208138
16417,0.01893416
16433,0.02661053
16450,0.03519164
16467,0.04475743
16483,0.05524735
16500,0.06642399
16517,0.07792643
16533,0.08932956
16550,0.1001586
16567,0.1098988
16583,0.1180415
16600,0.1241336
16617,0.1278204
16633,0.1288778
16650,0.1272754
16667,0.1232531
16683,0.117333
16700,0.1102064
16717,0.1025106
16733,0.09463564
16750,0.0866783
16767,0.07856351
16783,0.07023554
16800,0.06180702
16817,0.05360378
16833,0.04611756
16850,0.03994184
16867,0.03571853
16883,0.03403382
16900,0.03521591
16917,0.03914976
16933,0.04527459
16950,0.05276564
16967,0.06075088
16983,0.0684733
17000,0.07539755
17017,0.0812281
17033,0.08579904
17050,0.08891902
17067,0.09032035
17083,0.08969174
17100,0.08664928
17117,0.08062246
17133,0.0708059
17150,0.05630578
17167,0.03640876
17183,0.01085201
17200,-0.02000965
17217,-0.0552194
17233,-0.09340384
17250,-0.1329727
17267,-0.172114
17283,-0.2086247
17300,-0.2398824
17317,-0.2632446
17333,-0.2767878
17350,-0.2799356
17367,-0.2735395
17383,-0.2593701
17400,-0.2394064
17417,-0.2153562
17433,-0.1885737
17450,-0.160224
17467,-0.1314527
17483,-0.1034215
17500,-0.07721911
17517,-0.05374793
17533,-0.03364014
17550,-0.01721067
17567,-0.004437713
17583,0.00498516
17600,0.01151214
17617,0.01560103
17633,0.01764911
17650,0.01800156
17667,0.01694543
17683,0.01467933
17700,0.01134378
17717,0.00713377
17733,0.002396899
17750,-0.002369041
17767,-0.006611757
17783,-0.009845571
17800,-0.01176769
17817,-0.01233936
17833,-0.01177738
17850,-0.01046327
17867,-0.008828193
17883,-0.007280322
17900,-0.006157569
17917,-0.005663413
17933,-0.005789374
17950,-0.006302909
17967,-0.006856412
17983,-0.00715557
18000,-0.007073211
18017,-0.006638402
18033,-0.00596136
18050,-0.005158357
18067,-0.004315386
18083,-0.00348937
18100,-0.002721491
18117,-0.002043237
18133,-0.001469145
18150,-0.0009980011
18167,-0.0006225395
18183,-0.0003379155
18200,-0.0001368618
18217,-4.844685E-06
18233,7.509233E-05
18250,0.0001174832
18267,0.0001320172
18283,0.0001295948
18300,0.0001247502
18317,0.0001320172
18333,0.0001635075
18350,0.0002276992
18367,0.0003318595
18383,0.0004856776
18400,0.0007000541
18417,0.0009810447
18433,0.001326227
18450,0.001728334
18467,0.002180099
18483,0.002670622
18500,0.003174467
18517,0.003649244
18533,0.00403924
18550,0.004274206
18567,0.004269361
18583,0.003920545
18600,0.003106641
18617,0.001687155
18633,-0.0004941557
18650,-0.003595953
18667,-0.007772054
18683,-0.01315811
18700,-0.01985465
18717,-0.02789679
18733,-0.03722641
18750,-0.04766545
18767,-0.05890144
18783,-0.0705141
18800,-0.08206135
18817,-0.09319923
18833,-0.1037703
18850,-0.1138278
18867,-0.123585
18883,-0.1332985
18900,-0.1431162
18917,-0.1529448
18933,-0.1623823
18950,-0.1706957
18967,-0.1768557
18983,-0.1797043
19000,-0.1782679
19017,-0.1720268
19033,-0.1609168
19050,-0.1450844
19067,-0.1246375
19083,-0.09959058
19100,-0.07000421
19117,-0.03622237
19133,0.000907133
19150,0.03994182
19167,0.07892808
19183,0.1155913
19200,0.1475479
19217,0.1725876
19233,0.1890582
19250,0.1962101
19267,0.1942638
19283,0.1841748
19300,0.1673141
19317,0.1452273
19333,0.1194828
19350,0.09157024
19367,0.06282683
19383,0.03435594
19400,0.006925451
19417,-0.01904316
19433,-0.04326528
19450,-0.06527944
19467,-0.08428507
19483,-0.09925145
19500,-0.1091963
19517,-0.1134669
19533,-0.1119469
19550,-0.1050832
19567,-0.09369941
19583,-0.07874634
19600,-0.06118808
19617,-0.04203593
19633,-0.0223654
19650,-0.00326169
19667,0.01423481
19683,0.02916608
19700,0.04077512
19717,0.04871068
19733,0.05320167
19750,0.05507774
19767,0.05560702
19783,0.05619445
19800,0.05799064
19817,0.06155271
19833,0.0667147
19850,0.07272208
19867,0.07853324
19883,0.08311386
19900,0.08561976
19917,0.0854732
19933,0.08237261
19950,0.07629377
19967,0.06748375
19983,0.05641855
20000,0.0437328
20017,0.03015683
20033,0.01649003
20050,0.003535394
20067,-0.008037294
20083,-0.01776659
20100,-0.02529521
20117,-0.03018833
20133,-0.03189729
20150,-0.02988918
20167,-0.02377521
20183,-0.01341488
20200,0.0008938403
20217,0.01816508
20233,0.03665354
20250,0.05413309
20267,0.06842121
20283,0.07791796
20300,0.08196083
20317,0.0808829
20333,0.0757742
20350,0.06807602
20367,0.0591909
20383,0.05021495
20400,0.04180582
20417,0.03419244
20433,0.02732633
20450,0.02109367
20467,0.01545811
20483,0.01047417
20500,0.006226606
20517,0.002785682
20533,0.0001974201
20550,-0.001512747
20567,-0.002358141
20583,-0.002445345
20600,-0.002021436
20617,-0.001425543
20633,-0.0009289645
20650,-0.0006092165
20667,-0.0004008959
20683,-0.0002361774
20700,-7.751465E-05
20717,0.00014534
20733,0.0005401801
20750,0.001176042
20767,0.002080783
20783,0.003307695
20800,0.004906435
20817,0.006783742
20833,0.008636827
20850,0.01007327
20867,0.01079513
20883,0.01071398
20900,0.009973953
20917,0.008904493
20933,0.007887114
20950,0.007179793
20967,0.006807966
20983,0.006583901
21000,0.006220552
21017,0.005473262
21033,0.004254827
21050,0.002659719
21067,0.0008768824
21083,-0.0009120085
21100,-0.00254466
21117,-0.003836974
21133,-0.004603644
21150,-0.004767151
21167,-0.004435291
21183,-0.003872098
21200,-0.003390054
21217,-0.003215646
21233,-0.003383999
21250,-0.00371707
21267,-0.003929025
21283,-0.003805485
21300,-0.003314962
21317,-0.002596739
21333,-0.001849449
21350,-0.001190575
21367,-0.0005510802
21383,0.0003512376
21400,0.001923331
21417,0.004583052
21433,0.008688906
21450,0.01448797
21467,0.022019
21483,0.03103613
21500,0.04109124
21517,0.05170348
21533,0.06242714
21550,0.07275839
21567,0.08205772
21583,0.0896263
21600,0.09486581
21617,0.09738624
21633,0.09702893
21650,0.09386052
21667,0.08817653
21683,0.08050381
21700,0.07156783
21717,0.0621825
21733,0.05307088
21750,0.04471747
21767,0.03734873
21783,0.03100707
21800,0.0255871
21817,0.02083448
21833,0.0163895
21850,0.01191666
21867,0.007211286
21883,0.002199486
21900,-0.003122377
21917,-0.008738556
21933,-0.01461151
21950,-0.02066492
21967,-0.02675466
21983,-0.03264335
22000,-0.03797612
22017,-0.04226365
22033,-0.0449161
22050,-0.04535939
22067,-0.04321927
22083,-0.03843516
22100,-0.03121419
22117,-0.02192695
22133,-0.01108338
22150,0.0006528139
22167,0.01255251
22183,0.02399562
22200,0.03455337
22217,0.04395687
22233,0.05208137
22250,0.05896442
22267,0.06477559
22283,0.06972806
22300,0.07405072
22317,0.07802214
22333,0.08194751
22350,0.08608482
22367,0.09062547
22383,0.0957257
22400,0.101463
22417,0.1076921
22433,0.1139623
22450,0.1195954
22467,0.1238236
22483,0.125845
22500,0.1247792
22517,0.1196584
22533,0.1095694
22550,0.09392117
22567,0.07268457
22583,0.04645671
22600,0.01633135
22617,-0.01630596
22633,-0.04991582
22650,-0.08282685
22667,-0.1132284
22683,-0.1392829
22700,-0.1594355
22717,-0.1728443
22733,-0.1796995
22750,-0.181182
22767,-0.1789946
22783,-0.1747059
22800,-0.1692823
22817,-0.1630351
22833,-0.1558941
22850,-0.1477441
22867,-0.1386277
22883,-0.1287651
22900,-0.1184848
22917,-0.1081244
22933,-0.09794097
22950,-0.08806147
22967,-0.07849689
22983,-0.06920482
23000,-0.06013198
23017,-0.05123112
23033,-0.04250346
23050,-0.034058
23067,-0.02612486
23083,-0.01899472
23100,-0.01293889
23117,-0.008169316
23133,-0.004813175
23150,-0.002857141
23167,-0.002079573
23183,-0.002044449
23200,-0.002217646
23217,-0.002147398
23233,-0.001603584
23250,-0.0006273842
23267,0.0004965781
23283,0.001357717
23300,0.001632652
23317,0.001277781
23333,0.0005317022
23350,-0.0002737237
23367,-0.0009095861
23383,-0.001302004
23400,-0.001466722
23417,-0.001442499
23433,-0.00126688
23450,-0.0009774113
23467,-0.0006092167
23483,-0.000188942
23500,0.0002616119
23517,0.0007230663
23533,0.001174831
23550,0.001595106
23567,0.001959667
23583,0.00223218
23600,0.002365408
23617,0.002300005
23633,0.001965723
23650,0.001282625
23667,0.0001647186
23683,-0.001472778
23700,-0.003715858
23717,-0.006645669
23733,-0.01032519
23750,-0.01478107
23767,-0.01999151
23783,-0.02587293
23800,-0.03225215
23817,-0.03884695
23833,-0.04529156
23850,-0.05125776
23867,-0.05661717
23883,-0.06151392
23900,-0.06625564
23917,-0.07111242
23933,-0.07621749
23950,-0.08164109
23967,-0.08753221
23983,-0.09415728
24000,-0.1017985
24017,-0.1105722
24033,-0.1202797
24050,-0.1303675
24067,-0.1400193
24083,-0.1483545
24100,-0.154638
24117,-0.1584023
24133,-0.1594452
24150,-0.1577314
24167,-0.1532574
24183,-0.1459129
24200,-0.1353818
24217,-0.1211651
24233,-0.102742
24250,-0.07980131
24267,-0.05239992
24283,-0.02098348
24300,0.01364863
24317,0.0503046
24333,0.08727182
24350,0.1222999
24367,0.1528819
24383,0.176777
24400,0.1925088
24417,0.1996244
24433,0.1986566
24450,0.190824
24467,0.1775885
24483,0.1603161
24500,0.140201
24517,0.1183176
24533,0.09556948
24550,0.07255368
24567,0.04958148
24583,0.02690725
24600,0.004934285
24617,-0.01580087
24633,-0.03477378
24650,-0.05153267
24667,-0.06560643
24683,-0.07642215
24700,-0.08339
24717,-0.08611514
24733,-0.08456001
24750,-0.07901286
24767,-0.06993397
24783,-0.05782352
24800,-0.04320839
24817,-0.02670382
24833,-0.009047426
24850,0.008925081
24867,0.02634167
24883,0.04236178
24900,0.05624054
24917,0.06735902
24933,0.07521464
24950,0.07943434
24967,0.07986068
24983,0.07663898
25000,0.0702101
25017,0.06120991
25033,0.05036632
25050,0.03841817
25067,0.02604369
25083,0.01386422
25100,0.002553143
25117,-0.007061092
25133,-0.0140798
25150,-0.01778355
25167,-0.01785137
25183,-0.01445768
25200,-0.00828073
25217,-0.0004166427
25233,0.007866506
25250,0.01546778
25267,0.02167381
25283,0.02616846
25300,0.0289263
25317,0.03008054
25333,0.0298056
25350,0.02826257
25367,0.02565129
25383,0.02226608
25400,0.01842426
25417,0.01434505
25433,0.01013625
25450,0.005876586
25467,0.001632661
25483,-0.002583411
25500,-0.006766784
25517,-0.01077454
25533,-0.0142518
25550,-0.01673711
25567,-0.01783321
25583,-0.01732089
25600,-0.01518439
25617,-0.01156058
25633,-0.006637191
25650,-0.0005595571
25667,0.006566947
25683,0.01461273
25700,0.02336825
25717,0.03248591
25733,0.04138313
25750,0.04921816
25767,0.05509473
25783,0.05840243
25800,0.0590177
25817,0.05723487
25833,0.05357473
25850,0.04860774
25867,0.04283774
25883,0.03667169
25900,0.03049838
25917,0.02476351
25933,0.01988251
25950,0.01606006
25967,0.0132223
25983,0.01115726
26000,0.009694175
26017,0.008763999
26033,0.008348569
26050,0.008418817
26067,0.008916606
26083,0.009752311
26100,0.01080239
26117,0.01190819
26133,0.01289408
26150,0.01363168
26167,0.01411978
26183,0.01449524
26200,0.01492399
26217,0.01542784
26233,0.0158033
26250,0.01570156
26267,0.01482104
26283,0.01306122
26300,0.01052382
26317,0.007372365
26333,0.003681943
26350,-0.0005583472
26367,-0.005300061
26383,-0.01030823
26400,-0.01519529
26417,-0.01953127
26433,-0.02287651
26450,-0.0247841
26467,-0.02492822
26483,-0.02332464
26500,-0.02038877
26517,-0.01672742
26533,-0.01286137
26550,-0.009110392
26567,-0.005645246
26583,-0.002564039
26600,9.447106E-05
26617,0.002401743
26633,0.004575786
26650,0.006923025
26667,0.00966874
26683,0.01282383
26700,0.01625264
26717,0.0198607
26733,0.02369889
26750,0.027898
26767,0.03256584
26783,0.0377351
26800,0.04331494
26817,0.04903891
26833,0.05449763
26850,0.05929264
26867,0.06320349
26883,0.06623141
26900,0.06849509
26917,0.07007083
26933,0.07089806
26950,0.07084354
26967,0.06986611
26983,0.06811961
27000,0.06589349
27017,0.06349053
27033,0.06116147
27050,0.0590274
27067,0.05692361
27083,0.05432202
27100,0.05053954
27117,0.04508809
27133,0.03782716
27150,0.02888391
27167,0.01860232
27183,0.007598865
27200,-0.003272574
27217,-0.01311816
27233,-0.0211821
27250,-0.02689517
27267,-0.029894
27283,-0.03005024
27300,-0.02742808
27317,-0.02215951
27333,-0.01434869
27350,-0.00406467
27367,0.008630777
27383,0.02360806
27400,0.04052806
27417,0.05872947
27433,0.07729059
27450,0.09524731
27467,0.1117858
27483,0.12635
27500,0.1387028
27517,0.1489202
27533,0.15723
27550,0.1637497
27567,0.16834
27583,0.1706255
27600,0.1700648
27617,0.1659734
27633,0.15758
27650,0.1441626
27667,0.1251982
27683,0.1004783
27700,0.07021853
27717,0.03518314
27733,-0.003266545
27750,-0.04325922
27767,-0.08260148
27783,-0.1189558
27800,-0.1500004
27817,-0.173726
27833,-0.1889553
27850,-0.1959014
27867,-0.1963459
27883,-0.193192
27900,-0.1895536
27917,-0.1878107
27933,-0.1890121
27950,-0.1927401
27967,-0.1973547
27983,-0.2005122
28000,-0.1998667
28017,-0.1937866
28033,-0.1818275
28050,-0.1647598
28067,-0.1441809
28083,-0.1219451
28100,-0.09969957
28117,-0.07867251
28133,-0.05966568
28150,-0.04312721
28167,-0.02922907
28183,-0.01794101
28200,-0.009094647
28217,-0.002436867
28233,0.002329072
28250,0.005512017
28267,0.007414759
28283,0.008323135
28300,0.008491487
28317,0.008135404
28333,0.007432928
28350,0.006528186
28367,0.005533819
28383,0.004532184
28400,0.00358263
28417,0.002722702
28433,0.001969356
28450,0.001327438
28467,0.0007981586
28483,0.0003803062
28500,6.419179E-05
28517,-0.000167141
28533,-0.0003294373
28550,-0.0004323864
28567,-0.0004844665
28583,-0.000495367
28600,-0.0004759883
28617,-0.0004323863
28633,-0.0003657722
28650,-0.0002761459
28667,-0.0001635074
28683,-2.785683E-05
28700,0.0001344395
28717,0.000328226
28733,0.000553503
28750,0.0008078479
28767,0.001088838
28783,0.00139163
28800,0.001706533
28817,0.002015381
28833,0.00229516
28850,0.002510748
28867,0.002614908
28883,0.002553138
28900,0.002262458
28917,0.001667776
28933,0.0006794641
28950,-0.0007981586
28967,-0.002859563
28983,-0.005593166
29000,-0.00907648
29017,-0.01336037
29033,-0.01845091
29050,-0.02428994
29067,-0.03073819
29083,-0.03755463
29100,-0.04438924
29117,-0.05082659
29133,-0.056467
29150,-0.0610004
29167,-0.06423542
29183,-0.06613451
29200,-0.06691087
29217,-0.06712162
29233,-0.06764123
29250,-0.06946888
29267,-0.0734427
29283,-0.0799527
29300,-0.08872518
29317,-0.09883479
29333,-0.1090268
29350,-0.1181905
29367,-0.1256767
29383,-0.1313001
29400,-0.1351443
29417,-0.1373353
29433,-0.1378791
29450,-0.1366183
29467,-0.1332901
29483,-0.1275709
29500,-0.1190358
29517,-0.1071361
29533,-0.09135342
29550,-0.07145761
29567,-0.04762792
29583,-0.02034761
29600,0.009765636
29617,0.04197662
29633,0.07527037
29650,0.1081608
29667,0.1386822
29683,0.1647029
29700,0.1844764
29717,0.1971173
29733,0.2026814
29750,0.2018493
29767,0.1954858
29783,0.184354
29800,0.1690631
29817,0.1501628
29833,0.1282734
29850,0.1041082
29867,0.07837456
29883,0.05168046
29900,0.02459151
29917,-0.002210376
29933,-0.0278871
29950,-0.05160416
29967,-0.07274991
29983,-0.09104458
30000,-0.1064736
30017,-0.1190819
30033,-0.1287409
30050,-0.1350475
30067,-0.1374468
30083,-0.1354217
30100,-0.1285653
30117,-0.1166002
30133,-0.09951422
30150,-0.07777255
30167,-0.05234413
30183,-0.0244934
30200,0.004435275
30217,0.03308782
30233,0.06007985
30250,0.08401007
30267,0.1035389
30283,0.1175606
30300,0.1254538
30317,0.1272355
30333,0.123476
30350,0.1150656
30367,0.1030666
30383,0.08865493
30400,0.07300062
30417,0.05709803
30433,0.0417259
30450,0.02757826
30467,0.01535032
30483,0.005669469
30500,-0.001040396
30517,-0.004639982
30533,-0.005301277
30550,-0.003519648
30567,-5.692242E-05
30583,0.004214859
30600,0.008522973
30617,0.01234662
30633,0.01542783
30650,0.01767576
30667,0.0190686
30683,0.01964269
30700,0.01954459
30717,0.01903469
30733,0.01840004
30750,0.01785501
30767,0.01751951
30783,0.01745653
30800,0.0176697
30817,0.01806576
30833,0.01848361
30850,0.01879852
30867,0.01901047
30883,0.01922
30900,0.01954096
30917,0.02003269
30933,0.0206746
30950,0.0213686
30967,0.02195602
30983,0.02228303
31000,0.02227819
31017,0.0219754
31033,0.02143038
31050,0.02061768
31067,0.01943558
31083,0.01780899
31100,0.01578271
31117,0.0135045
31133,0.01115242
31150,0.008881482
31167,0.006805543
31183,0.004998483
31200,0.003495426
31217,0.002304849
31233,0.001419487
31250,0.0008223819
31267,0.0004893112
31283,0.0003912067
31300,0.0004990005
31317,0.0007836246
31333,0.001217222
31350,0.001767091
31367,0.002392053
31383,0.003040027
31400,0.003643188
31417,0.004121598
31433,0.004380788
31450,0.004314174
31467,0.003829708
31483,0.002916489
31500,0.0017029
31517,0.0004033183
31533,-0.000845394
31550,-0.002090473
31567,-0.003472414
31583,-0.005021496
31600,-0.006572999
31617,-0.007881058
31633,-0.008768843
31650,-0.009172162
31667,-0.009081325
31683,-0.008486642
31700,-0.007382058
31717,-0.005823287
31733,-0.003984737
31750,-0.002113485
31767,-0.000377884
31783,0.001248712
31800,0.002929811
31817,0.004822864
31833,0.007042932
31850,0.009715975
31867,0.01297038
31883,0.01685822
31900,0.02136861
31917,0.02655119
31933,0.03254646
31950,0.03944405
31967,0.04711679
31983,0.05521223
32000,0.06328949
32017,0.07093922
32033,0.07781259
32050,0.083585
32067,0.08794641
32083,0.09065216
32100,0.09154842
32117,0.09049954
32133,0.08724997
32150,0.08140004
32167,0.07261425
32183,0.06092409
32200,0.04688062
32217,0.0314758
32233,0.01594864
32250,0.001589047
32267,-0.01043662
32283,-0.01916306
32300,-0.02374612
32317,-0.02336946
32333,-0.01733785
32350,-0.005314598
32367,0.01251983
32383,0.0354242
32400,0.06203837
32417,0.09035907
32433,0.1179531
32450,0.1423992
32467,0.1616943
32483,0.1744721
32500,0.1801125
32517,0.1787657
32533,0.171225
32550,0.1587088
32567,0.142719
32583,0.1249875
32600,0.1073251
32617,0.09132078
32633,0.07805728
32650,0.06797914
32667,0.06089984
32683,0.05608905
32700,0.05243856
32717,0.04867426
32733,0.04352199
32750,0.03578752
32767,0.02441106
32783,0.008530243
32800,-0.01243989
32817,-0.03868947
32833,-0.06984185
32850,-0.1048167
32867,-0.1418881
32883,-0.178951
32900,-0.213852
32917,-0.2446072
32933,-0.2694434
32950,-0.2867146
32967,-0.2948802
32983,-0.29278
33000,-0.2801972
33017,-0.2583224
33033,-0.2296468
33050,-0.1972784
33067,-0.1641251
33083,-0.1323684
33100,-0.1033355
33117,-0.07765756
33133,-0.05556346
33150,-0.03711013
33167,-0.0222249
33183,-0.01066069
33200,-0.002032338
33217,0.004063464
33233,0.008007023
33250,0.01020166
33267,0.01105674
33283,0.01090776
33300,0.0100006
33317,0.008565367
33333,0.006829766
33350,0.004951247
33367,0.003020649
33383,0.001137285
33400,-0.000574093
33417,-0.002028704
33433,-0.003179312
33450,-0.003942346
33467,-0.004218492
33483,-0.004021072
33500,-0.003536606
33517,-0.00300127
33533,-0.002536183
33550,-0.00209653
33567,-0.001552716
33583,-0.0008296494
33600,4.844856E-06
33617,0.0007787806
33633,0.001386786
33650,0.00191001
33667,0.002524071
33683,0.00329195
33700,0.004076786
33717,0.004665412
33733,0.004928235
33750,0.004862832
33767,0.004541873
33783,0.004053773
33800,0.003477258
33817,0.002872886
33833,0.00228426
33850,0.001742868
33867,0.001268091
33883,0.0008684062
33900,0.000546236
33917,0.0002991581
33933,0.0001186943
33950,-8.478167E-06
33967,-9.447098E-05
33983,-0.0001465511
34000,-0.0001707744
34017,-0.0001731968
34033,-0.0001598739
34050,-0.0001404953
34067,-0.0001247501
34083,-0.0001174831
34100,-0.0001138496
34117,-0.0001053715
34133,-9.083746E-05
34150,-7.145881E-05
34167,-4.844665E-05
34183,-2.422332E-05
34200,-4.844665E-06
34217,2.422333E-06
34233,0
34250,-6.055832E-06
34267,-1.332283E-05
34283,-2.301216E-05
34300,-3.633499E-05
34317,-5.086898E-05
34333,-6.540297E-05
34350,-7.751463E-05
34367,-8.235931E-05
34383,-7.751465E-05
34400,-6.419184E-05
34417,-4.360201E-05
34433,-1.4534E-05
34450,2.058984E-05
34467,5.208017E-05
34483,7.266999E-05
34500,8.357048E-05
34517,8.96263E-05
34533,8.96263E-05
34550,7.993697E-05
34567,6.419182E-05
34583,5.086898E-05
34600,4.239082E-05
34617,3.391266E-05
34633,2.180099E-05
34650,8.478164E-06
34667,6.063298E-13
34683,-2.422332E-06
34700,1.211166E-06
34717,8.478162E-06
34733,1.816749E-05
34750,3.270149E-05
34767,5.329131E-05
34783,8.114814E-05
34800,0.0001138496
34817,0.0001501846
34833,0.0001913643
34850,0.0002361774
34867,0.0002809906
34883,0.0003221702
34900,0.0003560829
34917,0.0003766727
34933,0.0003742504
34950,0.0003391266
34967,0.000261612
34983,0.0001295948
35000,-7.14588E-05
35017,-0.0003548718
35033,-0.0007339668
35050,-0.001220856
35067,-0.001822805
35083,-0.002543449
35100,-0.003376731
35117,-0.004305696
35133,-0.005294008
35150,-0.00629322
35167,-0.007266997
35183,-0.00824562
35200,-0.009375638
35217,-0.01086537
35233,-0.01282019
35250,-0.0151093
35267,-0.01744322
35283,-0.01957366
35300,-0.02139283
35317,-0.02286561
35333,-0.02393628
35350,-0.02450916
35367,-0.02444618
35383,-0.02358746
35400,-0.02185429
35417,-0.01937624
35433,-0.01648034
35450,-0.01350693
35467,-0.01062677
35483,-0.007799911
35500,-0.004841033
35517,-0.001498215
35533,0.002475621
35550,0.007222184
35567,0.01264942
35583,0.01834191
35600,0.02359595
35617,0.02761459
35633,0.02978621
35650,0.02985282
35667,0.02784834
35683,0.02391084
35700,0.01817718
35717,0.01083146
35733,0.002157087
35750,-0.007532242
35767,-0.0180488
35783,-0.02944103
35800,-0.04197054
35817,-0.05598737
35833,-0.07178824
35850,-0.08954879
35867,-0.109332
35883,-0.1311039
35900,-0.1547059
35917,-0.1798231
35933,-0.2060158
35950,-0.2327825
35967,-0.2595505
35983,-0.2855615
36000,-0.3097594
36017,-0.3308277
36033,-0.3474037
36050,-0.358332
36067,-0.3627951
36083,-0.3603159
36100,-0.3507367
36117,-0.3341959
36133,-0.3110602
36150,-0.2818384
36167,-0.247038
36183,-0.2067921
36200,-0.1603209
36217,-0.1058621
36233,-0.0416206
36250,0.03272938
36267,0.1151384
36283,0.201474
36300,0.2865523
36317,0.3651618
36333,0.4327037
36350,0.485393
36367,0.5202007
36383,0.5349382
36400,0.5288
36417,0.5030773
36433,0.4613066
36450,0.4085131
36467,0.3499616
36483,0.2901433
36500,0.2323755
36517,0.178888
36533,0.1310797
36550,0.08972561
36567,0.05510079
36583,0.02708894
36600,0.005307329
36617,-0.01076727
36633,-0.02172348
36650,-0.02821291
36667,-0.03098042
36683,-0.03085325
36700,-0.02864287
36717,-0.0250445
36733,-0.02061768
36750,-0.01582994
36767,-0.01107006
36783,-0.00663477
36800,-0.002757827
36817,0.0003415486
36833,0.002474414
36850,0.003576576
36867,0.003773995
36883,0.003352509
36900,0.002653665
36917,0.001937866
36933,0.00127657
36950,0.0005317029
36967,-0.0005329129
36983,-0.002069884
37000,-0.004034396
37017,-0.00618906
37033,-0.008206862
37050,-0.009797123
37067,-0.01081087
37083,-0.01126385
37100,-0.01125174
37117,-0.01084357
37133,-0.01004784
37150,-0.00884515
37167,-0.007189486
37183,-0.00498153
37200,-0.002105008
37217,0.001458247
37233,0.00553019
37250,0.009742625
37267,0.0136341
37283,0.01677344
37300,0.0188845
37317,0.01992247
37333,0.02006902
37350,0.01964148
37367,0.01897655
37383,0.01835644
37400,0.01797855
37417,0.01795917
37433,0.01833706
37450,0.01907708
37467,0.0200666
37483,0.02111547
37500,0.02197903
37517,0.02242232
37533,0.02232906
37550,0.02179009
37567,0.02107793
37583,0.02048687
37600,0.02013927
37617,0.01990552
37633,0.01949251
37650,0.01861078
37667,0.0170835
37683,0.01483921
37700,0.01184157
37717,0.008034875
37733,0.003353717
37750,-0.002200692
37767,-0.008452731
37783,-0.01500756
37800,-0.02131168
37817,-0.02674618
37833,-0.0306849
37850,-0.03257795
37867,-0.03215889
37883,-0.02965298
37900,-0.02575908
37917,-0.02136982
37933,-0.01724701
37950,-0.01383879
37967,-0.01123841
37983,-0.009244831
38000,-0.007514075
38017,-0.005748196
38033,-0.003812752
38050,-0.00173439
38067,0.0003718282
38083,0.002364197
38100,0.004099798
38117,0.005432081
38133,0.006224184
38150,0.006415547
38167,0.006107911
38183,0.005582265
38200,0.005180157
38217,0.005124444
38233,0.005413914
38250,0.005845089
38267,0.006118813
38283,0.005973471
38300,0.005300061
38317,0.004173676
38333,0.002772358
38350,0.001268091
38367,-0.0001962091
38383,-0.001465511
38400,-0.002362984
38417,-0.002726332
38433,-0.002405373
38450,-0.001223276
38467,0.0009955775
38483,0.004311748
38500,0.008572631
38517,0.01342093
38533,0.01838429
38550,0.02299399
38567,0.02687578
38583,0.02976804
38600,0.03148063
38617,0.03191544
38633,0.03122023
38650,0.02991824
38667,0.0288076
38683,0.02866468
38700,0.03001996
38717,0.03313871
38733,0.03810692
38750,0.04491247
38767,0.0534948
38783,0.06370372
38800,0.07509957
38817,0.08676914
38833,0.09743709
38850,0.1058729
38867,0.111265
38883,0.1132937
38900,0.1119663
38917,0.1074184
38933,0.09981101
38950,0.08938648
38967,0.07663652
38983,0.06238956
39000,0.04764969
39017,0.03328768
39033,0.01988613
39050,0.007842288
39067,-0.002435657
39083,-0.01043539
39100,-0.01560344
39117,-0.01751588
39133,-0.01608066
39150,-0.0116381
39167,-0.004887053
39183,0.003293169
39200,0.01198086
39217,0.02029429
39233,0.02749104
39250,0.03306484
39267,0.03677345
39283,0.03863138
39300,0.03895233
39317,0.03832977
39333,0.0374129
39350,0.03659536
39367,0.03590986
39383,0.03517956
39400,0.03417794
39417,0.03265428
39433,0.03029126
39450,0.02668076
39467,0.02129956
39483,0.01349603
39500,0.002577367
39517,-0.0119736
39533,-0.03023073
39550,-0.05162596
39567,-0.0749215
39583,-0.09841207
39600,-0.1202942
39617,-0.1389995
39633,-0.1533227
39650,-0.1623823
39667,-0.16561
39683,-0.1628401
39700,-0.1543849
39717,-0.1410052
39733,-0.1237957
39750,-0.1040416
39767,-0.08304846
39783,-0.06201898
39800,-0.04205532
39817,-0.0242209
39833,-0.009470113
39850,0.001555134
39867,0.008663469
39883,0.01203657
39900,0.01202688
39917,0.009013504
39933,0.003398536
39950,-0.004249985
39967,-0.01304184
39983,-0.02177677
40000,-0.02923876
40017,-0.03459696
40033,-0.03762003
40050,-0.03860956
40067,-0.03816022
40083,-0.03689213
40100,-0.03520618
40117,-0.03316415
40133,-0.03060496
40150,-0.02741959
40167,-0.02375945
40183,-0.02002179
40200,-0.01666928
40217,-0.01403499
40233,-0.01219644
40250,-0.01097195
40267,-0.01004299
40283,-0.009126136
40300,-0.008088168
40317,-0.00693756
40333,-0.005746984
40350,-0.00459032
40367,-0.003518438
40383,-0.002566461
40400,-0.001756191
40417,-0.001094894
40433,-0.0005789375
40450,-0.0001949978
40467,7.024767E-05
40483,0.0002264881
40500,0.0002797794
40517,0.0002385998
40533,0.0001199055
40550,-6.176948E-05
40567,-0.0003003692
40583,-0.0005934715
40600,-0.0009313868
40617,-0.001295948
40633,-0.001668987
40650,-0.002029915
40667,-0.002353296
40683,-0.002608852
40700,-0.002756614
40717,-0.00274208
40733,-0.002493792
40750,-0.001931811
40767,-0.0009967901
40783,0.0002870466
40800,0.001750136
40817,0.003118753
40833,0.004173679
40850,0.004865255
40867,0.00525525
40883,0.005381212
40900,0.005232238
40917,0.004815597
40933,0.004145822
40950,0.003176889
40967,0.001843395
40983,0.0002083205
41000,-0.001482468
41017,-0.002923755
41033,-0.003906011
41050,-0.004357776
41067,-0.004291162
41083,-0.003740081
41100,-0.002754192
41117,-0.001460667
41133,-0.0001295947
41150,0.0008780956
41167,0.001299581
41183,0.001154241
41200,0.0007400226
41217,0.0004432868
41233,0.0005232238
41250,0.000983467
41267,0.001573305
41283,0.001910009
41300,0.001701689
41317,0.0009338091
41333,-0.0001356507
41350,-0.001154242
41367,-0.001863985
41383,-0.002153453
41400,-0.002002058
41417,-0.001418276
41433,-0.000437231
41450,0.0008151149
41467,0.002062616
41483,0.002929811
41500,0.003128442
41517,0.002645187
41533,0.001736813
41550,0.000742445
41567,-0.0001005269
41583,-0.0007085324
41600,-0.001093683
41617,-0.001300793
41633,-0.001373462
41650,-0.001346817
41667,-0.001252346
41683,-0.001116695
41700,-0.0009604548
41717,-0.0007981585
41733,-0.0006407069
41750,-0.000495367
41767,-0.0003657722
41783,-0.0002555561
41800,-0.0001671409
41817,-9.68933E-05
41833,-3.996849E-05
41850,4.844662E-06
41867,3.512382E-05
41883,5.086898E-05
41900,5.692481E-05
41917,5.692482E-05
41933,5.329132E-05
41950,4.723548E-05
41967,3.875732E-05
41983,2.906799E-05
42000,1.816749E-05
42017,6.055832E-06
42033,-6.055832E-06
42050,-1.816749E-05
42067,-2.785682E-05
42083,-3.391265E-05
42100,-3.633499E-05
42117,-3.391265E-05
42133,-2.785683E-05
42150,-1.695633E-05
42167,-1.211166E-06
42183,1.937866E-05
42200,4.481315E-05
42217,7.024764E-05
42233,9.083746E-05
42250,0.0001005268
42267,9.810446E-05
42283,8.59928E-05
42300,6.782531E-05
42317,4.723549E-05
42333,2.543449E-05
42350,4.844667E-06
42367,-1.332283E-05
42383,-2.785683E-05
42400,-3.754615E-05
42417,-4.239082E-05
42433,-4.239082E-05
42450,-3.875732E-05
42467,-3.270149E-05
42483,-2.543449E-05
42500,-1.816749E-05
42517,-1.211166E-05
42533,-9.689329E-06
42550,-1.09005E-05
42567,-1.211166E-05
42583,-9.68933E-06
42600,-6.055831E-06
42617,-6.055831E-06
42633,-9.68933E-06
42650,-1.332283E-05
42667,-1.574516E-05
42683,-2.058983E-05
42700,-2.906799E-05
42717,-3.754615E-05
42733,-4.360198E-05
42750,-4.723548E-05
42767,-4.965782E-05
42783,-5.086898E-05
42800,-4.965782E-05
42817,-4.360198E-05
42833,-2.906798E-05
42850,-7.266996E-06
42867,1.574516E-05
42883,3.512382E-05
42900,5.086898E-05
42917,6.298065E-05
42933,7.024765E-05
42950,7.266997E-05
42967,7.266997E-05
42983,7.388114E-05
43000,7.509231E-05
43017,7.509231E-05
43033,7.266997E-05
43050,6.782531E-05
43067,6.176947E-05
43083,5.208014E-05
43100,3.633498E-05
43117,1.332282E-05
43133,-1.090049E-05
43150,-2.906798E-05
43167,-3.996848E-05
43183,-4.723548E-05
43200,-5.208015E-05
43217,-5.208015E-05
43233,-4.844665E-05
43250,-4.481315E-05
43267,-4.239082E-05
43283,-3.875732E-05
43300,-3.391266E-05
43317,-3.027916E-05
43333,-2.906799E-05
43350,-2.906799E-05
43367,-2.906799E-05
43383,-2.785682E-05
43400,-2.422333E-05
43417,-1.937866E-05
43433,-1.574516E-05
43450,-1.211166E-05
43467,-4.844664E-06
43483,7.266997E-06
43500,2.301216E-05
43517,4.117965E-05
43533,5.934714E-05
43550,7.145881E-05
43567,7.145881E-05
43583,5.934714E-05
43600,3.996849E-05
43617,1.937866E-05
43633,3.633499E-06
43650,-6.055832E-06
43667,-1.211166E-05
43683,-1.816749E-05
43700,-2.422333E-05
43717,-2.664566E-05
43733,-2.422333E-05
43750,-1.816749E-05
43767,-1.211166E-05
43783,-9.689329E-06
43800,-1.09005E-05
43817,-1.211166E-05
43833,-1.09005E-05
43850,-8.478164E-06
43867,-6.055831E-06
43883,-2.422332E-06
43900,2.422332E-06
43917,3.633499E-06
43933,0
43950,-3.633499E-06
43967,-2.422332E-06
43983,2.422332E-06
44000,4.844665E-06
44017,3.633499E-06
44033,1.211166E-06
44050,0
44067,0
44083,-1.211166E-06
44100,-3.633499E-06
44117,-3.633499E-06
44133,1.211166E-06
44150,7.266997E-06
44167,7.266997E-06
44183,1.211166E-06
44200,-2.422332E-06
44217,0
44233,4.844665E-06
44250,7.266998E-06
44267,7.266998E-06
44283,7.266998E-06
44300,6.055831E-06
44317,3.633499E-06
44333,1.211166E-06
44350,0
44367,0
44383,-1.211166E-06
44400,-6.055831E-06
44417,-1.574516E-05
44433,-2.906799E-05
44450,-4.239082E-05
44467,-5.329131E-05
44483,-6.298065E-05
44500,-7.388114E-05
44517,-8.720397E-05
44533,-0.000101738
44550,-0.0001150608
44567,-0.0001247501
44583,-0.0001259613
44600,-0.0001150608
44617,-9.325979E-05
44633,-6.540297E-05
44650,-3.512382E-05
44667,-3.633504E-06
44683,2.785681E-05
44700,5.571363E-05
44717,7.87258E-05
44733,0.0001029491
44750,0.0001344395
44767,0.0001768303
44783,0.0002289104
44800,0.0002943134
44817,0.000379095
44833,0.0004832553
44850,0.0006019496
44867,0.000729122
44883,0.000859928
44900,0.0009834669
44917,0.001082783
44933,0.001140919
44950,0.001139707
44967,0.001053715
44983,0.0008478164
45000,0.0004796219
45017,-9.325981E-05
45033,-0.0009132194
45050,-0.002017803
45067,-0.003439712
45083,-0.005206804
45100,-0.007334823
45117,-0.00981408
45133,-0.01259371
45150,-0.01558287
45167,-0.01867134
45183,-0.02178525
45200,-0.02494881
45217,-0.02828921
45233,-0.03194451
45250,-0.03594499
45267,-0.04019619
45283,-0.04455881
45300,-0.04894081
45317,-0.05333492
45333,-0.05780169
45350,-0.06240534
45367,-0.06710346
45383,-0.07169984
45400,-0.07596436
45417,-0.07986794
45433,-0.08373033
45450,-0.08811717
45467,-0.09354563
45483,-0.1002216
45500,-0.1079827
45517,-0.116444
45533,-0.1251874
45550,-0.1338678
45567,-0.1421994
45583,-0.1498552
45600,-0.1563773
45617,-0.1611941
45633,-0.163763
45650,-0.163677
45667,-0.1606249
45683,-0.1543317
45700,-0.1446557
45717,-0.1317665
45733,-0.1161291
45750,-0.09824612
45767,-0.07831754
45783,-0.05594973
45800,-0.0300393
45817,0.000872016
45833,0.03767203
45850,0.07975762
45867,0.1248651
45883,0.1696917
45900,0.210657
45917,0.2444364
45933,0.2684223
45950,0.2811783
45967,0.2826135
45983,0.2736993
46000,0.2560018
46017,0.2313582
46033,0.2017536
46050,0.1692484
46067,0.1358335
46083,0.1032507
46100,0.07285407
46117,0.04558951
46133,0.02207593
46150,0.002719069
46167,-0.01221098
46183,-0.02258098
46200,-0.02846725
46217,-0.03026219
46233,-0.02872522
46250,-0.02490278
46267,-0.01991399
46283,-0.01471567
46300,-0.009981225
46317,-0.006127295
46333,-0.003419127
46350,-0.002051719
46367,-0.002163142
46383,-0.003775199
46400,-0.006712277
46417,-0.01057953
46433,-0.01485617
46450,-0.01905892
46467,-0.02283897
46483,-0.02595409
46500,-0.02818869
46517,-0.02934656
46533,-0.02933082
46550,-0.02821534
46567,-0.02624113
46583,-0.02374249
46600,-0.02105369
46617,-0.01843998
46633,-0.01604308
46650,-0.01381939
46667,-0.01146611
46683,-0.008415189
46700,-0.003959307
46717,0.002550715
46733,0.01152182
46750,0.02296976
46767,0.03636525
46783,0.0505577
46800,0.06393626
46817,0.07484766
46833,0.0820868
46850,0.08516921
46867,0.08427294
46883,0.07998178
46900,0.07304422
46917,0.06426327
46933,0.05443708
46950,0.04429477
46967,0.03442619
46983,0.0252516
47000,0.01704111
47017,0.009946097
47033,0.004041662
47050,-0.0006467628
47067,-0.004114332
47083,-0.006359834
47100,-0.007397803
47117,-0.007316655
47133,-0.006361045
47150,-0.004941558
47167,-0.003526916
47183,-0.002475624
47200,-0.001933022
47217,-0.001850663
47233,-0.002069884
47250,-0.00238842
47267,-0.002589473
47283,-0.002451399
47300,-0.001776779
47317,-0.0004602425
47333,0.001426753
47350,0.003610485
47367,0.005721549
47383,0.007464417
47400,0.008720397
47417,0.0095234
47433,0.00996911
47450,0.01014715
47467,0.01010839
47483,0.00985526
47500,0.009345359
47517,0.008501177
47533,0.00723793
47550,0.005532607
47567,0.003516014
47583,0.001498211
47600,-0.0001380732
47617,-0.001109427
47633,-0.001332281
47650,-0.0009035292
47667,-1.937869E-05
47683,0.001093682
47700,0.002205533
47717,0.003084839
47733,0.003518438
47750,0.003381576
47767,0.002725124
47783,0.00178647
47800,0.0008744618
47817,0.0001998424
47833,-0.0002264883
47850,-0.0005680373
47867,-0.001051292
47883,-0.001830072
47900,-0.002880153
47917,-0.003977469
47933,-0.004793795
47950,-0.005063885
47967,-0.004699325
47983,-0.003781262
48000,-0.002473202
48017,-0.0009519767
48033,0.000610428
48050,0.00204566
48067,0.003213225
48083,0.004068308
48100,0.004741717
48117,0.005551986
48133,0.006913336
48150,0.009220608
48167,0.0127887
48183,0.01780657
48200,0.02423423
48217,0.0317265
48233,0.03972262
48250,0.04763638
48267,0.05495788
48283,0.06124383
48300,0.06613936
48317,0.06948217
48333,0.07133405
48350,0.07184881
48367,0.07109668
48383,0.06900257
48400,0.06546232
48417,0.06056194
48433,0.05476046
48450,0.04886328
48467,0.04374126
48483,0.03999997
48500,0.03783441
48517,0.03709561
48533,0.03738386
48550,0.03808391
48567,0.0384194
48583,0.037574
48600,0.0348622
48617,0.02992065
48633,0.02288741
48650,0.01441046
48667,0.005396958
48683,-0.003274989
48700,-0.01082418
48717,-0.01650698
48733,-0.0197299
48750,-0.02028946
48767,-0.01840731
48783,-0.01448313
48800,-0.008857256
48817,-0.00181069
48833,0.0063017
48850,0.01498333
48867,0.02363954
48883,0.03167563
48900,0.03857202
48917,0.04387936
48933,0.04716527
48950,0.04802641
48967,0.04624114
48983,0.04190636
49000,0.03538784
49017,0.02717974
49033,0.01787433
49050,0.008215302
49067,-0.0009979925
49083,-0.009134566
49100,-0.01583595
49117,-0.02096405
49133,-0.02458425
49150,-0.02702961
49167,-0.02883787
49183,-0.03051534
49200,-0.03235995
49217,-0.03449645
49233,-0.03700478
49250,-0.0399576
49267,-0.04335855
49283,-0.04707198
49300,-0.05083386
49317,-0.05436805
49333,-0.05754131
49350,-0.06038877
49367,-0.06293342
49383,-0.06496938
49400,-0.06604487
49417,-0.06566457
49433,-0.06350386
49450,-0.05951429
49467,-0.05393204
49483,-0.04719311
49500,-0.03974079
49517,-0.0318464
49533,-0.0236468
49550,-0.01538059
49567,-0.007556465
49583,-0.0008671979
49600,0.004084048
49617,0.007039293
49633,0.008168102
49650,0.00793072
49667,0.006794653
49683,0.005043307
49700,0.002836557
49717,0.0004093752
49733,-0.001862775
49750,-0.003646823
49767,-0.00488827
49783,-0.005865683
49800,-0.007017506
49817,-0.008698605
49833,-0.01103979
49850,-0.01395385
49867,-0.01723489
49883,-0.02068066
49900,-0.02419182
49917,-0.02777203
49933,-0.03140433
49950,-0.03486948
49967,-0.03767212
49983,-0.03919092
50000,-0.03897048
50017,-0.03695995
50033,-0.03353477
50050,-0.02933081
50067,-0.02501664
50083,-0.02109609
50100,-0.01778598
50117,-0.01500756
50133,-0.01251256
50150,-0.01007206
50167,-0.007600068
50183,-0.0051523
50200,-0.002851085
50217,-0.0008235928
50233,0.0008151147
50250,0.001958455
50267,0.002526492
50283,0.002525281
50300,0.002101373
50317,0.001494579
50333,0.0008732507
50350,0.0002155876
50367,-0.0006067941
50383,-0.00162054
50400,-0.002665776
50417,-0.003512382
50433,-0.004018649
50450,-0.004178524
50467,-0.004067097
50483,-0.003775205
50500,-0.003376731
50517,-0.002926178
50533,-0.002467145
50550,-0.002034759
50567,-0.001648397
50583,-0.001312904
50600,-0.001027069
50617,-0.0007896804
50633,-0.0005971049
50650,-0.0004384421
50667,-0.0002967357
50683,-0.000152607
50700,1.453394E-05
50717,0.0002228546
50733,0.0004881
50750,0.0008248042
50767,0.001248712
50783,0.001776781
50800,0.002415065
50817,0.00315751
50833,0.003987159
50850,0.004877367
50867,0.005785741
50883,0.006643247
50900,0.007355412
50917,0.007801122
50933,0.007861679
50950,0.007487429
50967,0.006777686
50983,0.005994061
51000,0.005450248
51017,0.005347299
51033,0.005667049
51050,0.006192695
51067,0.006610547
51083,0.006642034
51100,0.006155144
51117,0.005195901
51133,0.003908433
51150,0.002427177
51167,0.0008526603
51183,-0.0007085331
51200,-0.002135287
51217,-0.003322229
51233,-0.004170043
51250,-0.004550349
51267,-0.00433355
51283,-0.003493002
51300,-0.002183732
51317,-0.0007218544
51333,0.0005147462
51350,0.001218433
51367,0.001262034
51383,0.0007157989
51400,-0.000238599
51417,-0.001413431
51433,-0.002631865
51450,-0.003691637
51467,-0.00439048
51483,-0.00463029
51500,-0.004501906
51517,-0.004256038
51533,-0.004188213
51550,-0.004499483
51567,-0.005191058
51583,-0.006048563
51600,-0.006746195
51617,-0.007017497
51633,-0.006766786
51650,-0.006059465
51667,-0.005036029
51683,-0.003835764
51700,-0.002573728
51717,-0.001346817
51733,-0.0002434443
51750,0.0006516075
51767,0.00125598
51783,0.001488524
51800,0.001297159
51817,0.0007230663
51833,-4.602462E-05
51850,-0.000725489
51867,-0.001097317
51883,-0.001128807
51900,-0.0009168528
51917,-0.0005486584
51933,-7.267012E-05
51950,0.000429964
51967,0.0008405495
51983,0.00106946
52000,0.001060982
52017,0.0007254886
52033,-3.270155E-05
52050,-0.001177254
52067,-0.002485313
52083,-0.003664989
52100,-0.004518861
52117,-0.004982738
52133,-0.005063886
52150,-0.004785318
52167,-0.004188213
52183,-0.003391265
52200,-0.002643976
52217,-0.002275781
52233,-0.002508326
52250,-0.003265304
52267,-0.00417489
52283,-0.004761095
52300,-0.004656935
52317,-0.00372797
52333,-0.002098951
52350,-0.0001090047
52367,0.001821595
52383,0.003358565
52400,0.00435172
52417,0.004824075
52433,0.004885844
52450,0.004659357
52467,0.004245138
52483,0.003719492
52500,0.003144188
52517,0.002568884
52533,0.002028703
52550,0.001543026
52567,0.001117907
52583,0.0007557677
52600,0.000459032
52617,0.0002252769
52633,4.723548E-05
52650,-8.59928E-05
52667,-0.0001816749
52683,-0.0002458667
52700,-0.0002858352
52717,-0.0003100586
52733,-0.0003258037
52750,-0.0003342819
52767,-0.0003342819
52783,-0.0003258037
52800,-0.0003136921
52817,-0.0002979469
52833,-0.0002700901
52850,-0.0002216434
52867,-0.0001489734
52883,-4.844664E-05
52900,8.962628E-05
52917,0.0002749347
52933,0.0005123233
52950,0.0008066368
52967,0.001163931
52983,0.001584206
53000,0.002060194
53017,0.002578573
53033,0.003119964
53050,0.003651666
53067,0.00412281
53083,0.004467993
53100,0.004607277
53117,0.004441346
53133,0.003846664
53150,0.0026791
53167,0.0007836249
53183,-0.002002058
53200,-0.0058463
53217,-0.01090897
53233,-0.01732089
53250,-0.02516077
53267,-0.0344601
53283,-0.04523585
53300,-0.05752918
53317,-0.07137887
53333,-0.08668195
53350,-0.1030424
53367,-0.1197504
53383,-0.1359643
53400,-0.150944
53417,-0.1641372
53433,-0.1750535
53450,-0.1830508
53467,-0.1872427
53483,-0.1866177
53500,-0.1802906
53517,-0.1676896
53533,-0.1485956
53550,-0.1231514
53567,-0.09199899
53583,-0.05645127
53600,-0.01852358
53617,0.01916914
53633,0.05355294
53650,0.08139765
53667,0.0999733
53683,0.1078132
53700,0.1050457
53717,0.09305634
53733,0.07383998
53750,0.04953308
53767,0.0223
53783,-0.005585912
53800,-0.03173621
53817,-0.05383758
53833,-0.06995213
53850,-0.07870763
53867,-0.07933621
53883,-0.07178338
53900,-0.05695873
53917,-0.03675164
53933,-0.0134609
53950,0.01100345
53967,0.03542904
53983,0.0590274
54000,0.08113724
54017,0.1012099
54033,0.1188227
54050,0.1335419
54067,0.1448494
54083,0.1522569
54100,0.1554556
54117,0.1543692
54133,0.1491951
54150,0.1404626
54167,0.1289662
54183,0.1155368
54200,0.1008138
54217,0.08523098
54233,0.06918909
54250,0.05321017
54267,0.03789619
54283,0.02373402
54300,0.01094773
54317,-0.0004977919
54333,-0.01078544
54350,-0.02014048
54367,-0.028787
54383,-0.03696116
54400,-0.04495123
54417,-0.05308178
54433,-0.06159871
54450,-0.07052985
54467,-0.07963782
54483,-0.08847812
54500,-0.09644637
54517,-0.102736
54533,-0.106275
54550,-0.1057772
54567,-0.09992001
54583,-0.08755158
54600,-0.0678568
54617,-0.04060314
54633,-0.00658512
54650,0.03193118
54667,0.0711972
54683,0.1067062
54700,0.1344177
54717,0.1518718
54733,0.1586482
54750,0.156043
54767,0.1462992
54783,0.1318427
54800,0.1148004
54817,0.09681337
54833,0.07902738
54850,0.06215947
54867,0.04660568
54883,0.03258522
54900,0.0202834
54917,0.00992672
54933,0.001728336
54950,-0.004231814
54967,-0.008080902
54983,-0.01011687
55000,-0.01070429
55017,-0.01020044
55033,-0.008923872
55050,-0.007149514
55067,-0.005109911
55083,-0.003003692
55100,-0.001011324
55117,0.000698843
55133,0.001965723
55150,0.002633075
55167,0.002571306
55183,0.001738024
55200,0.0002628231
55217,-0.001535759
55233,-0.003251981
55250,-0.004556408
55267,-0.005302486
55283,-0.00550475
55300,-0.005261306
55317,-0.004684791
55333,-0.003868465
55350,-0.002878942
55367,-0.001758613
55383,-0.0005426025
55400,0.0007339668
55417,0.002037182
55433,0.003334341
55450,0.00459032
55467,0.005751829
55483,0.006741351
55500,0.007454728
55517,0.007762365
55533,0.00753951
55550,0.006730451
55567,0.005429658
55583,0.003893898
55600,0.00244171
55617,0.001294736
55633,0.0004699329
55650,-0.0001998416
55667,-0.0009519762
55683,-0.001953611
55700,-0.003192633
55717,-0.004455879
55733,-0.005424812
55750,-0.005840243
55767,-0.005616178
55783,-0.004831342
55800,-0.003648033
55817,-0.002240658
55833,-0.0007703023
55850,0.0006128498
55867,0.001761036
55883,0.002524071
55900,0.002777205
55917,0.002487736
55933,0.001797371
55950,0.001035547
55967,0.0006092166
55983,0.0008320716
56000,0.001813117
56017,0.003476047
56033,0.005637978
56050,0.00807
56067,0.0105432
56083,0.01289287
56100,0.01509598
56117,0.01727244
56133,0.01956276
56150,0.02194997
56167,0.02416398
56183,0.02576514
56200,0.02635861
56217,0.02581237
56233,0.02436261
56250,0.02254223
56267,0.02096892
56283,0.02010415
56300,0.02011264
56317,0.02087688
56333,0.02211105
56350,0.0235063
56367,0.02483616
56383,0.02597103
56400,0.02678979
56417,0.02707684
56433,0.02655119
56450,0.02504207
56467,0.02268272
56483,0.01997456
56500,0.01768303
56517,0.01662326
56533,0.01742505
56550,0.02036818
56567,0.02535092
56583,0.03196147
56600,0.03959666
56617,0.04758671
56633,0.05529578
56650,0.0621849
56667,0.06782895
56683,0.07195055
56700,0.0744831
56717,0.07558041
56733,0.07551743
56750,0.07456303
56767,0.07296067
56783,0.07098406
56800,0.06896625
56817,0.06732509
56833,0.06663227
56850,0.06761089
56867,0.07090164
56883,0.0767431
56900,0.08485793
56917,0.09459088
56933,0.1050869
56950,0.1154024
56967,0.1246326
56983,0.1320329
57000,0.1370628
57017,0.1394162
57033,0.1391364
57050,0.136639
57067,0.1324071
57083,0.1265656
57100,0.1187608
57117,0.1083908
57133,0.09483308
57150,0.07752919
57167,0.05610608
57183,0.03056378
57200,0.001337131
57217,-0.03078298
57233,-0.06467866
57250,-0.09890139
57267,-0.1318281
57283,-0.1619486
57300,-0.1880759
57317,-0.209487
57333,-0.2261417
57350,-0.2387887
57367,-0.2485604
57383,-0.2561193
57400,-0.2610039
57417,-0.2617354
57433,-0.2565977
57450,-0.2445526
57467,-0.225788
57483,-0.2016992
57500,-0.1744225
57517,-0.1462156
57533,-0.1189692
57550,-0.09394653
57567,-0.07173859
57583,-0.05241685
57600,-0.03582387
57617,-0.02184702
57633,-0.0104887
57650,-0.00174287
57667,0.004544295
57683,0.008690119
57700,0.01108944
57717,0.01213589
57733,0.01218433
57750,0.01153999
57767,0.01045115
57783,0.009110393
57800,0.007667894
57817,0.006236295
57833,0.004894323
57850,0.003689212
57867,0.002645187
57883,0.001771936
57900,0.001064615
57917,0.0005111122
57933,9.689332E-05
57950,-0.0001949977
57967,-0.0003851508
57983,-0.0004977894
58000,-0.0005522918
58017,-0.00056077
58033,-0.0005329131
58050,-0.000480833
58067,-0.0004166412
58083,-0.0003476047
58100,-0.0002761459
58117,-0.0002058983
58133,-0.0001392841
58150,-7.509231E-05
58167,-1.332283E-05
58183,4.481315E-05
58200,9.810446E-05
58217,0.0001477623
58233,0.0001937866
58250,0.0002313328
58267,0.0002531338
58283,0.0002470779
58300,0.0001986313
58317,9.568215E-05
58333,-7.266998E-05
58350,-0.0003149032
58367,-0.0006382847
58383,-0.001045236
58400,-0.00153697
58417,-0.002111063
58433,-0.002756614
58450,-0.003454246
58467,-0.004171256
58483,-0.004857988
58500,-0.005442981
58517,-0.005837821
58533,-0.005933504
58550,-0.005598011
58567,-0.004704171
58583,-0.003201114
58600,-0.001201477
58617,0.001000424
58633,0.003023072
58650,0.004563675
58667,0.00550354
58683,0.00588748
58700,0.005837821
58717,0.005482949
58733,0.004934291
58750,0.00427905
58767,0.00358263
58783,0.002895898
58800,0.002256403
58817,0.001687155
58833,0.001196632
58850,0.000787258
58867,0.000459032
58883,0.0002058983
58900,1.695633E-05
58917,-0.0001174831
58933,-0.0002034759
58950,-0.0002495002
58967,-0.0002676677
58983,-0.0002664566
59000,-0.0002482891
59017,-0.0002155876
59033,-0.0001731968
59050,-0.0001247501
59067,-7.266997E-05
59083,-2.058982E-05
59100,2.785682E-05
59117,7.50923E-05
59133,0.0001247501
59150,0.0001731968
59167,0.0002131652
59183,0.0002410221
59200,0.0002591896
59217,0.0002652454
59233,0.0002495002
59250,0.0002010536
59267,0.0001114273
59283,-2.54345E-05
59300,-0.0002180099
59317,-0.0004747771
59333,-0.0008042143
59350,-0.001213589
59367,-0.001706533
59383,-0.002278204
59400,-0.002914066
59417,-0.003591108
59433,-0.004276628
59450,-0.004924602
59467,-0.005470837
59483,-0.005831765
59500,-0.005897168
59517,-0.005537453
59533,-0.004631501
59550,-0.003132077
59567,-0.001148186
59583,0.001031914
59600,0.003029128
59617,0.004543086
59633,0.005461149
59650,0.005837821
59667,0.005803908
59683,0.005490216
59700,0.005003328
59717,0.004426813
59733,0.003826074
59750,0.003253192
59767,0.002743291
59783,0.002314539
59800,0.00197299
59817,0.001715011
59833,0.001530914
59850,0.00140253
59867,0.001303215
59883,0.001200266
59900,0.00105856
59917,0.000842972
59933,0.000515957
59950,3.391265E-05
59967,-0.0006540299
59983,-0.00159874
60000,-0.002847452
60017,-0.004442558
60033,-0.006416759
60050,-0.008780955
60067,-0.01151214
60083,-0.01454732
60100,-0.01777386
60117,-0.02101616
60133,-0.02405013
60150,-0.02666261
60167,-0.02871796
60183,-0.03016652
60200,-0.03098042
60217,-0.03111728
60233,-0.03060011
60250,-0.02963603
60267,-0.02861865
60283,-0.02801307
60300,-0.02827347
60317,-0.02988189
60333,-0.03340033
60350,-0.03943072
60367,-0.04848662
60383,-0.0608284
60400,-0.07634587
60417,-0.09455939
60433,-0.1147713
60450,-0.1362502
60467,-0.1583043
60483,-0.1802397
60500,-0.201291
60517,-0.2205715
60533,-0.2370107
60550,-0.2493065
60567,-0.2559618
60583,-0.2553817
60600,-0.2460145
60617,-0.2266576
60633,-0.196938
60650,-0.1576235
60667,-0.1104522
60683,-0.05780774
60700,-0.002786916
60717,0.05049711
60733,0.09711609
60750,0.1323029
60767,0.1526819
60783,0.1571694
60800,0.1473263
60817,0.1270708
60833,0.101721
60850,0.07676736
60867,0.05692967
60883,0.04565131
60900,0.04476352
60917,0.05424452
60933,0.07233449
60950,0.09606487
60967,0.1219487
60983,0.1465959
61000,0.1672184
61017,0.1819426
61033,0.1898079
61050,0.1905588
61067,0.1844994
61083,0.1724737
61100,0.1557778
61117,0.1359195
61133,0.1143632
61150,0.09240109
61167,0.07112695
61183,0.05142975
61200,0.03398775
61217,0.01927329
61233,0.007564947
61250,-0.001058557
61267,-0.006740138
61283,-0.009822558
61300,-0.01074789
61317,-0.009937624
61333,-0.007753893
61350,-0.004533402
61367,-0.0006007402
61383,0.003748562
61400,0.008238359
61417,0.01256828
61433,0.01641736
61450,0.01952521
61467,0.02175981
61483,0.02309936
61500,0.02356445
61517,0.02320473
61533,0.02214981
61550,0.02062858
61567,0.01889177
61583,0.01711015
61600,0.01536001
61617,0.01366195
61633,0.01198933
61650,0.01024041
61667,0.008274688
61683,0.006027975
61700,0.003602008
61717,0.001253557
61733,-0.0007048986
61750,-0.002034759
61767,-0.002674255
61783,-0.002752982
61800,-0.002507116
61817,-0.002175256
61833,-0.001974202
61850,-0.002123174
61867,-0.002812326
61883,-0.004097372
61900,-0.005842663
61917,-0.007804755
61933,-0.009793492
61950,-0.01175195
61967,-0.01369345
61983,-0.01559861
62000,-0.01740446
62017,-0.01909888
62033,-0.02079693
62050,-0.02271784
62067,-0.02508931
62083,-0.02806515
62100,-0.0316938
62117,-0.03590624
62133,-0.04049656
62150,-0.04509777
62167,-0.04918788
62183,-0.0521516
62200,-0.05340032
62217,-0.05252343
62233,-0.04940106
62250,-0.04421727
62267,-0.03738629
62283,-0.02947494
62300,-0.02114938
62317,-0.01307695
62333,-0.005738505
62350,0.0007363781
62367,0.006565718
62383,0.01216253
62400,0.01796887
62417,0.02432629
62433,0.03134136
62450,0.03880336
62467,0.04625445
62483,0.05316779
62500,0.05905162
62517,0.06344815
62533,0.06596374
62550,0.06637675
62567,0.06471141
62583,0.06119902
62600,0.05620781
62617,0.05020647
62633,0.04372673
62650,0.03729181
62667,0.03133893
62683,0.02617936
62700,0.02198993
62717,0.01882516
62733,0.01663779
62750,0.01529582
62767,0.01459576
62783,0.01427481
62800,0.01404347
62817,0.01364863
62833,0.01295463
62850,0.01196996
62867,0.01077211
62883,0.009404707
62900,0.007847147
62917,0.006052198
62933,0.003958091
62950,0.001470355
62967,-0.001498213
62983,-0.004925813
63000,-0.008618658
63017,-0.01227759
63033,-0.01564342
63050,-0.0185696
63067,-0.02096044
63083,-0.02266092
63100,-0.02344939
63117,-0.02314296
63133,-0.02170046
63150,-0.01926723
63167,-0.01617755
63183,-0.01290982
63200,-0.009963054
63217,-0.007692117
63233,-0.006214493
63250,-0.00543208
63267,-0.005115965
63283,-0.004983949
63300,-0.004758672
63317,-0.004242715
63333,-0.003399743
63350,-0.002373885
63367,-0.001381941
63383,-0.0005462362
63400,0.000185308
63417,0.0009519762
63433,0.00180706
63450,0.002634286
63467,0.00323018
63483,0.003469991
63500,0.003413067
63517,0.00328105
63533,0.00335372
63550,0.003833341
63567,0.004727182
63583,0.005823287
63600,0.006795853
63617,0.007380846
63633,0.007483796
63650,0.007164048
63667,0.006548776
63683,0.005760307
63700,0.004894323
63717,0.004022283
63733,0.003196268
63750,0.002447767
63767,0.001792526
63783,0.001237812
63800,0.0007836246
63817,0.0004239082
63833,0.0001489734
63850,-4.72355E-05
63867,-0.0001683521
63883,-0.0002192211
63900,-0.0002071094
63917,-0.0001404953
63933,-2.664566E-05
63950,0.0001271724
63967,0.0003124808
63983,0.0005195903
64000,0.0007363891
64017,0.0009495544
64033,0.001145763
64050,0.001306848
64067,0.001406164
64083,0.001409797
64100,0.001280203
64117,0.0009798338
64133,0.0004675104
64150,-0.0002967358
64167,-0.001321383
64183,-0.002519226
64200,-0.003645611
64217,-0.00435172
64233,-0.004371099
64250,-0.003703746
64267,-0.002617331
64283,-0.001459455
64300,-0.0004723548
64317,0.0002591898
64333,0.0007509233
64350,0.001052504
64367,0.001213589
64383,0.001270513
64400,0.001248712
64417,0.001169987
64433,0.001054926
64450,0.000918064
64467,0.0007690905
64483,0.0006152724
64500,0.0004638767
64517,0.0003209591
64533,0.0001913643
64550,8.235931E-05
64567,-9.094947E-13
64583,-4.723548E-05
64600,-4.965782E-05
64617,3.633491E-06
64633,0.0001259613
64650,0.0003294372
64667,0.000626173
64683,0.001022224
64700,0.001515169
64717,0.00209774
64733,0.002756614
64750,0.003472414
64767,0.004212436
64783,0.004923391
64800,0.005533819
64817,0.005951671
64833,0.006063099
64850,0.005733662
64867,0.004832554
64883,0.003307695
64900,0.001271724
64917,-0.0009749894
64933,-0.003044872
64950,-0.004635133
64967,-0.005631923
64983,-0.006086111
65000,-0.006120023
65017,-0.005859622
65033,-0.005416336
65050,-0.004885844
65067,-0.004338398
65083,-0.003816385
65100,-0.003342819
65117,-0.002931022
65133,-0.002587051
65150,-0.002301216
65167,-0.002048082
65183,-0.001792526
65200,-0.001492157
65217,-0.001093683
65233,-0.0005329131
65250,0.0002519226
65267,0.00128747
65283,0.002502269
65300,0.003669834
65317,0.004453458
65333,0.004595165
65350,0.004108276
65367,0.003277416
65383,0.002467146
65400,0.001926966
65417,0.001744079
65433,0.001906376
65450,0.002366619
65467,0.003063039
65483,0.003918123
65500,0.004838609
65517,0.00571186
65533,0.006402225
65550,0.006751041
65567,0.006605701
65583,0.005887479
65600,0.00467268
65617,0.003214435
65633,0.001836128
65650,0.0007606119
65667,-2.42299E-06
65683,-0.0006298068
65700,-0.001364984
65717,-0.002375097
65733,-0.003639554
65750,-0.00493308
65767,-0.005927447
65783,-0.006363467
65800,-0.006155147
65817,-0.005377579
65833,-0.004179735
65850,-0.002716645
65867,-0.001130018
65883,0.0004493424
65900,0.001895474
65917,0.003083629
65933,0.003879366
65950,0.004137345
65967,0.003729182
65983,0.002612487
66000,0.0009120086
66017,-0.001062193
66033,-0.002915278
66050,-0.004333554
66067,-0.005189848
66083,-0.005522918
66100,-0.005450248
66117,-0.005096588
66133,-0.004567308
66150,-0.003943557
66167,-0.003288316
66183,-0.002650032
66200,-0.002060194
66217,-0.001534548
66233,-0.001081571
66250,-0.000707321
66267,-0.0004105853
66283,-0.0001804638
66300,-6.055831E-06
66317,0.000116272
66333,0.0001901531
66350,0.0002264881
66367,0.0002410221
66383,0.0002422333
66400,0.0002313328
66417,0.0002083206
66433,0.0001792526
66450,0.0001501846
66467,0.0001223278
66483,9.568213E-05
66500,7.024764E-05
66517,4.844665E-05
66533,3.027916E-05
66550,1.574516E-05
66567,6.055831E-06
66583,1.211166E-06
66600,-1.211166E-06
66617,-4.844665E-06
66633,-9.689331E-06
66650,-1.211166E-05
66667,-1.09005E-05
66683,-8.478163E-06
66700,-7.266997E-06
66717,-7.266998E-06
66733,-7.266998E-06
66750,-7.266998E-06
66767,-6.055831E-06
66783,-3.633499E-06
66800,-1.211166E-06
66817,-1.211166E-06
66833,-3.633499E-06
66850,-4.844665E-06
66867,-2.422332E-06
66883,2.422332E-06
66900,4.844665E-06
66917,3.633499E-06
66933,1.211166E-06
66950,0
66967,0
66983,0
67000,0
67017,0
67033,0
67050,0
67067,0
67083,0
67100,0
67117,0
67133,0
67150,0
67167,0
67183,0
67200,0
67217,0
67233,0
67250,1.211166E-06
67267,3.633499E-06
67283,6.055831E-06
67300,6.055831E-06
67317,3.633499E-06
67333,2.422332E-06
67350,3.633499E-06
67367,6.055831E-06
67383,6.055831E-06
67400,3.633499E-06
67417,0
67433,-3.633499E-06
67450,-7.266997E-06
67467,-1.211166E-05
67483,-1.937866E-05
67500,-2.906799E-05
67517,-3.875732E-05
67533,-4.844665E-05
67550,-5.934714E-05
67567,-7.266997E-05
67583,-8.59928E-05
67600,-9.810446E-05
67617,-0.0001077938
67633,-0.0001126385
67650,-0.0001077938
67667,-9.083747E-05
67683,-6.41918E-05
67700,-3.027914E-05
67717,7.266999E-06
67733,4.481314E-05
67750,7.630346E-05
67767,0.0001005268
67783,0.0001199055
67800,0.0001368618
67817,0.000152607
67833,0.0001683521
67850,0.0001865196
67867,0.0002083206
67883,0.0002349662
67900,0.0002652454
67917,0.0002955246
67933,0.0003197479
67950,0.0003342819
67967,0.000335493
67983,0.0003161144
68000,0.0002652454
68017,0.0001719856
68033,2.543449E-05
68050,-0.0001877308
68067,-0.000480833
68083,-0.0008635615
68100,-0.001340761
68117,-0.001918487
68133,-0.002597952
68150,-0.003369464
68167,-0.004208803
68183,-0.005077209
68200,-0.005920181
68217,-0.006660203
68233,-0.007191905
68250,-0.00738327
68267,-0.00710349
68283,-0.006293219
68300,-0.005045718
68317,-0.003621387
68333,-0.00234603
68350,-0.001444922
68367,-0.0009350206
68383,-0.0006443401
68400,-0.0003270145
68417,0.0001974202
68433,0.0009289648
68450,0.001667777
68467,0.002119542
68483,0.002067461
68500,0.001482467
68517,0.0005074784
68533,-0.0006128498
68550,-0.001601161
68567,-0.002201901
68583,-0.002261248
68600,-0.001808272
68617,-0.001059771
68633,-0.0003112697
68650,0.0002361779
68667,0.0005825721
68683,0.000909587
68700,0.001461878
68717,0.002404164
68733,0.003713435
68750,0.005160778
68767,0.006417969
68783,0.007225818
68800,0.007497119
68817,0.007296066
68833,0.006753463
68850,0.006000117
68867,0.005141401
68883,0.004253616
68900,0.003393688
68917,0.002602796
68933,0.001905164
68950,0.001309271
68967,0.0008151149
68983,0.0004202747
69000,0.000116272
69017,-0.000109005
69033,-0.0002664566
69050,-0.0003657722
69067,-0.0004166412
69083,-0.0004275417
69100,-0.0004045295
69117,-0.0003548717
69133,-0.0002894687
69150,-0.0002180099
69167,-0.0001465511
69183,-8.23593E-05
69200,-3.149032E-05
69217,4.844671E-06
69233,3.027916E-05
69250,4.844665E-05
69267,5.813597E-05
69283,6.055831E-05
69300,5.934715E-05
69317,5.813598E-05
69333,5.692481E-05
69350,5.329131E-05
69367,4.844665E-05
69383,4.602432E-05
69400,4.844665E-05
69417,5.329131E-05
69433,5.571364E-05
69450,5.571364E-05
69467,5.692481E-05
69483,6.055831E-05
69500,6.298065E-05
69517,5.934714E-05
69533,4.965781E-05
69550,3.270149E-05
69567,6.055831E-06
69583,-3.027915E-05
69600,-7.266997E-05
69617,-0.0001138496
69633,-0.0001477623
69650,-0.0001671409
69667,-0.0001659298
69683,-0.0001429176
69700,-0.0001029491
69717,-5.692481E-05
69733,-1.574516E-05
69750,1.574516E-05
69767,3.996848E-05
69783,5.934714E-05
69800,7.145881E-05
69817,7.145881E-05
69833,6.055831E-05
69850,4.481315E-05
69867,2.906799E-05
69883,1.09005E-05
69900,-1.453399E-05
69917,-4.602432E-05
69933,-7.993697E-05
69950,-0.0001138496
69967,-0.0001489734
69983,-0.0001840973
70000,-0.0002167988
70017,-0.0002446556
70033,-0.0002628231
70050,-0.0002664565
70067,-0.0002507114
70083,-0.0002083206
70100,-0.0001283836
70117,-2.607218E-11
70133,0.0001840973
70150,0.0004311752
70167,0.0007509231
70183,0.001151819
70200,0.001637497
70217,0.002203112
70233,0.002837762
70250,0.003523283
70267,0.004229392
70283,0.004906434
70300,0.005482949
70317,0.005870522
70333,0.005958939
70350,0.005616179
70367,0.004712649
70383,0.003193846
70400,0.001172409
70417,-0.001051293
70433,-0.003089686
70450,-0.004637557
70467,-0.005576211
70483,-0.005951671
70500,-0.00588869
70517,-0.005519284
70533,-0.004954881
70550,-0.004285106
70567,-0.003578996
70583,-0.00288742
70600,-0.002244291
70617,-0.001671409
70633,-0.001179676
70650,-0.0007666682
70667,-0.0004263305
70683,-0.0001562404
70700,4.602434E-05
70717,0.0001913642
70733,0.0002967357
70750,0.000371828
70767,0.0004202747
70783,0.0004457092
70800,0.0004529762
70817,0.0004457092
70833,0.0004214859
70850,0.000379095
70867,0.0003173255
70883,0.0002325439
70900,0.0001162719
70917,-4.239081E-05
70933,-0.0002507114
70950,-0.0005159568
70967,-0.000845394
70983,-0.001242657
71000,-0.001706533
71017,-0.002233391
71033,-0.002818384
71050,-0.00344819
71067,-0.004092531
71083,-0.004706592
71100,-0.005228604
71117,-0.005573787
71133,-0.005627078
71150,-0.005250406
71167,-0.00431902
71183,-0.002788106
71200,-0.0007775695
71217,0.001409797
71233,0.003386422
71250,0.004845877
71267,0.005664625
71283,0.005881423
71300,0.005612545
71317,0.004981527
71333,0.004093742
71350,0.003029127
71367,0.001849451
71383,0.000604372
71400,-0.0006600855
71417,-0.001901531
71433,-0.003081207
71450,-0.004151878
71467,-0.005048141
71483,-0.005684003
71500,-0.005954093
71517,-0.005734873
71533,-0.004907646
71550,-0.003430024
71567,-0.001425543
71583,0.0007969477
71600,0.002846241
71617,0.004414702
71633,0.005380001
71650,0.005782108
71667,0.005739717
71683,0.005384845
71700,0.004831342
71717,0.004170045
71733,0.003467569
71750,0.002774782
71767,0.00212923
71783,0.001551504
71800,0.001051292
71817,0.0006322288
71833,0.0002979469
71850,4.96578E-05
71867,-0.0001186943
71883,-0.0002155876
71900,-0.0002458667
71917,-0.0002107429
71933,-0.0001102161
71950,5.208014E-05
71967,0.0002737236
71983,0.0005547141
72000,0.0008926296
72017,0.001281414
72033,0.001708956
72050,0.002159509
72067,0.002610063
72083,0.003027915
72100,0.003369464
72117,0.003578996
72133,0.003586263
72150,0.003306484
72167,0.002674255
72183,0.001712589
72200,0.0005910489
72217,-0.0004311752
72233,-0.001169986
72250,-0.001627807
72267,-0.001937865
72283,-0.002221279
72300,-0.002559194
72317,-0.00305335
72333,-0.003799428
72350,-0.004750194
72367,-0.005648879
72383,-0.006153936
72400,-0.006035241
72417,-0.005286741
72433,-0.004124021
72450,-0.002871675
72467,-0.00177557
72483,-0.0008829403
72500,-9.689324E-05
72517,0.0006794643
72533,0.001511535
72550,0.00249258
72567,0.00370738
72583,0.005096588
72600,0.006398591
72617,0.007271842
72633,0.007476529
72650,0.006986007
72667,0.005997695
72683,0.004816808
72700,0.003660145
72717,0.002531338
72733,0.001312905
72750,-1.574517E-05
72767,-0.001292315
72783,-0.002290316
72800,-0.003019438
72817,-0.00374856
72833,-0.004746561
